classification_id,user_id,user_name,workflow_id,annotations,metadata,subject_ids
0,0,0,0,"[{""task"": ""T1"", ""value"": ""0""}]","{""seen_before"": false}",0
1,1,1,0,"[{""task"": ""T1"", ""value"": ""1""}]","{""seen_before"": false}",1
2,2,2,0,"[{""task"": ""T1"", ""value"": ""0""}]","{""seen_before"": false}",2
3,3,3,0,"[{""task"": ""T1"", ""value"": ""1""}]","{""seen_before"": false}",3
4,4,4,0,"[{""task"": ""T1"", ""value"": ""0""}]","{""seen_before"": false}",4
5,5,5,0,"[{""task"": ""T1"", ""value"": ""1""}]","{""seen_before"": false}",5
6,6,6,0,"[{""task"": ""T1"", ""value"": ""0""}]","{""seen_before"": false}",6
7,7,7,0,"[{""task"": ""T1"", ""value"": ""1""}]","{""seen_before"": false}",7
8,8,8,0,"[{""task"": ""T1"", ""value"": ""1""}]","{""seen_before"": false}",8
9,9,9,0,"[{""task"": ""T1"", ""value"": ""1""}]","{""seen_before"": false}",9
10,0,0,0,"[{""task"": ""T1"", ""value"": ""0""}]","{""seen_before"": false}",10
11,1,1,0,"[{""task"": ""T1"", ""value"": ""1""}]","{""seen_before"": false}",11
12,2,2,0,"[{""task"": ""T1"", ""value"": ""1""}]","{""seen_before"": false}",12
13,3,3,0,"[{""task"": ""T1"", ""value"": ""0""}]","{""seen_before"": false}",13
14,4,4,0,"[{""task"": ""T1"", ""value"": ""0""}]","{""seen_before"": false}",14
15,5,5,0,"[{""task"": ""T1"", ""value"": ""1""}]","{""seen_before"": false}",15
16,6,6,0,"[{""task"": ""T1"", ""value"": ""1""}]","{""seen_before"": false}",16
17,7,7,0,"[{""task"": ""T1"", ""value"": ""1""}]","{""seen_before"": false}",17
18,8,8,0,"[{""task"": ""T1"", ""value"": ""0""}]","{""seen_before"": false}",18
19,9,9,0,"[{""task"": ""T1"", ""value"": ""0""}]","{""seen_before"": false}",19
20,0,0,0,"[{""task"": ""T1"", ""value"": ""0""}]","{""seen_before"": false}",0
21,1,1,0,"[{""task"": ""T1"", ""value"": ""1""}]","{""seen_before"": false}",1
22,2,2,0,"[{""task"": ""T1"", ""value"": ""0""}]","{""seen_before"": false}",2
23,3,3,0,"[{""task"": ""T1"", ""value"": ""1""}]","{""seen_before"": false}",3
24,4,4,0,"[{""task"": ""T1"", ""value"": ""1""}]","{""seen_before"": false}",4
25,5,5,0,"[{""task"": ""T1"", ""value"": ""1""}]","{""seen_before"": false}",5
26,6,6,0,"[{""task"": ""T1"", ""value"": ""0""}]","{""seen_before"": false}",6
27,7,7,0,"[{""task"": ""T1"", ""value"": ""0""}]","{""seen_before"": false}",7
28,8,8,0,"[{""task"": ""T1"", ""value"": ""0""}]","{""seen_before"": false}",8
29,9,9,0,"[{""task"": ""T1"", ""value"": ""1""}]","{""seen_before"": false}",9
30,0,0,0,"[{""task"": ""T1"", ""value"": ""0""}]","{""seen_before"": false}",10
31,1,1,0,"[{""task"": ""T1"", ""value"": ""1""}]","{""seen_before"": false}",11
32,2,2,0,"[{""task"": ""T1"", ""value"": ""0""}]","{""seen_before"": false}",12
33,3,3,0,"[{""task"": ""T1"", ""value"": ""0""}]","{""seen_before"": false}",13
34,4,4,0,"[{""task"": ""T1"", ""value"": ""0""}]","{""seen_before"": false}",14
35,5,5,0,"[{""task"": ""T1"", ""value"": ""1""}]","{""seen_before"": false}",15
36,6,6,0,"[{""task"": ""T1"", ""value"": ""1""}]","{""seen_before"": false}",16
37,7,7,0,"[{""task"": ""T1"", ""value"": ""0""}]","{""seen_before"": false}",17
38,8,8,0,"[{""task"": ""T1"", ""value"": ""0""}]","{""seen_before"": false}",18
39,9,9,0,"[{""task"": ""T1"", ""value"": ""1""}]","{""seen_before"": false}",19
40,0,0,0,"[{""task"": ""T1"", ""value"": ""0""}]","{""seen_before"": false}",0
41,1,1,0,"[{""task"": ""T1"", ""value"": ""0""}]","{""seen_before"": false}",1
42,2,2,0,"[{""task"": ""T1"", ""value"": ""1""}]","{""seen_before"": false}",2
43,3,3,0,"[{""task"": ""T1"", ""value"": ""0""}]","{""seen_before"": false}",3
44,4,4,0,"[{""task"": ""T1"", ""value"": ""1""}]","{""seen_before"": false}",4
45,5,5,0,"[{""task"": ""T1"", ""value"": ""1""}]","{""seen_before"": false}",5
46,6,6,0,"[{""task"": ""T1"", ""value"": ""1""}]","{""seen_before"": false}",6
47,7,7,0,"[{""task"": ""T1"", ""value"": ""0""}]","{""seen_before"": false}",7
48,8,8,0,"[{""task"": ""T1"", ""value"": ""0""}]","{""seen_before"": false}",8
49,9,9,0,"[{""task"": ""T1"", ""value"": ""1""}]","{""seen_before"": false}",9
50,0,0,0,"[{""task"": ""T1"", ""value"": ""0""}]","{""seen_before"": false}",10
51,1,1,0,"[{""task"": ""T1"", ""value"": ""1""}]","{""seen_before"": false}",11
52,2,2,0,"[{""task"": ""T1"", ""value"": ""0""}]","{""seen_before"": false}",12
53,3,3,0,"[{""task"": ""T1"", ""value"": ""0""}]","{""seen_before"": false}",13
54,4,4,0,"[{""task"": ""T1"", ""value"": ""0""}]","{""seen_before"": false}",14
55,5,5,0,"[{""task"": ""T1"", ""value"": ""1""}]","{""seen_before"": false}",15
56,6,6,0,"[{""task"": ""T1"", ""value"": ""1""}]","{""seen_before"": false}",16
57,7,7,0,"[{""task"": ""T1"", ""value"": ""0""}]","{""seen_before"": false}",17
58,8,8,0,"[{""task"": ""T1"", ""value"": ""0""}]","{""seen_before"": false}",18
59,9,9,0,"[{""task"": ""T1"", ""value"": ""0""}]","{""seen_before"": false}",19
60,0,0,0,"[{""task"": ""T1"", ""value"": ""0""}]","{""seen_before"": false}",0
61,1,1,0,"[{""task"": ""T1"", ""value"": ""0""}]","{""seen_before"": false}",1
62,2,2,0,"[{""task"": ""T1"", ""value"": ""0""}]","{""seen_before"": false}",2
63,3,3,0,"[{""task"": ""T1"", ""value"": ""1""}]","{""seen_before"": false}",3
64,4,4,0,"[{""task"": ""T1"", ""value"": ""0""}]","{""seen_before"": false}",4
65,5,5,0,"[{""task"": ""T1"", ""value"": ""0""}]","{""seen_before"": false}",5
66,6,6,0,"[{""task"": ""T1"", ""value"": ""0""}]","{""seen_before"": false}",6
67,7,7,0,"[{""task"": ""T1"", ""value"": ""0""}]","{""seen_before"": false}",7
68,8,8,0,"[{""task"": ""T1"", ""value"": ""0""}]","{""seen_before"": false}",8
69,9,9,0,"[{""task"": ""T1"", ""value"": ""0""}]","{""seen_before"": false}",9
70,0,0,0,"[{""task"": ""T1"", ""value"": ""0""}]","{""seen_before"": false}",10
71,1,1,0,"[{""task"": ""T1"", ""value"": ""1""}]","{""seen_before"": false}",11
72,2,2,0,"[{""task"": ""T1"", ""value"": ""0""}]","{""seen_before"": false}",12
73,3,3,0,"[{""task"": ""T1"", ""value"": ""1""}]","{""seen_before"": false}",13
74,4,4,0,"[{""task"": ""T1"", ""value"": ""0""}]","{""seen_before"": false}",14
75,5,5,0,"[{""task"": ""T1"", ""value"": ""1""}]","{""seen_before"": false}",15
76,6,6,0,"[{""task"": ""T1"", ""value"": ""0""}]","{""seen_before"": false}",16
77,7,7,0,"[{""task"": ""T1"", ""value"": ""1""}]","{""seen_before"": false}",17
78,8,8,0,"[{""task"": ""T1"", ""value"": ""0""}]","{""seen_before"": false}",18
79,9,9,0,"[{""task"": ""T1"", ""value"": ""1""}]","{""seen_before"": false}",19
80,0,0,0,"[{""task"": ""T1"", ""value"": ""1""}]","{""seen_before"": false}",0
81,1,1,0,"[{""task"": ""T1"", ""value"": ""1""}]","{""seen_before"": false}",1
82,2,2,0,"[{""task"": ""T1"", ""value"": ""1""}]","{""seen_before"": false}",2
83,3,3,0,"[{""task"": ""T1"", ""value"": ""1""}]","{""seen_before"": false}",3
84,4,4,0,"[{""task"": ""T1"", ""value"": ""1""}]","{""seen_before"": false}",4
85,5,5,0,"[{""task"": ""T1"", ""value"": ""1""}]","{""seen_before"": false}",5
86,6,6,0,"[{""task"": ""T1"", ""value"": ""0""}]","{""seen_before"": false}",6
87,7,7,0,"[{""task"": ""T1"", ""value"": ""1""}]","{""seen_before"": false}",7
88,8,8,0,"[{""task"": ""T1"", ""value"": ""0""}]","{""seen_before"": false}",8
89,9,9,0,"[{""task"": ""T1"", ""value"": ""0""}]","{""seen_before"": false}",9
90,0,0,0,"[{""task"": ""T1"", ""value"": ""0""}]","{""seen_before"": false}",10
91,1,1,0,"[{""task"": ""T1"", ""value"": ""0""}]","{""seen_before"": false}",11
92,2,2,0,"[{""task"": ""T1"", ""value"": ""0""}]","{""seen_before"": false}",12
93,3,3,0,"[{""task"": ""T1"", ""value"": ""1""}]","{""seen_before"": false}",13
94,4,4,0,"[{""task"": ""T1"", ""value"": ""1""}]","{""seen_before"": false}",14
95,5,5,0,"[{""task"": ""T1"", ""value"": ""1""}]","{""seen_before"": false}",15
96,6,6,0,"[{""task"": ""T1"", ""value"": ""0""}]","{""seen_before"": false}",16
97,7,7,0,"[{""task"": ""T1"", ""value"": ""1""}]","{""seen_before"": false}",17
98,8,8,0,"[{""task"": ""T1"", ""value"": ""0""}]","{""seen_before"": false}",18
99,9,9,0,"[{""task"": ""T1"", ""value"": ""1""}]","{""seen_before"": false}",19
100,0,0,0,"[{""task"": ""T1"", ""value"": ""1""}]","{""seen_before"": false}",0
101,1,1,0,"[{""task"": ""T1"", ""value"": ""1""}]","{""seen_before"": false}",1
102,2,2,0,"[{""task"": ""T1"", ""value"": ""0""}]","{""seen_before"": false}",2
103,3,3,0,"[{""task"": ""T1"", ""value"": ""1""}]","{""seen_before"": false}",3
104,4,4,0,"[{""task"": ""T1"", ""value"": ""0""}]","{""seen_before"": false}",4
105,5,5,0,"[{""task"": ""T1"", ""value"": ""0""}]","{""seen_before"": false}",5
106,6,6,0,"[{""task"": ""T1"", ""value"": ""0""}]","{""seen_before"": false}",6
107,7,7,0,"[{""task"": ""T1"", ""value"": ""1""}]","{""seen_before"": false}",7
108,8,8,0,"[{""task"": ""T1"", ""value"": ""0""}]","{""seen_before"": false}",8
109,9,9,0,"[{""task"": ""T1"", ""value"": ""0""}]","{""seen_before"": false}",9
110,0,0,0,"[{""task"": ""T1"", ""value"": ""1""}]","{""seen_before"": false}",10
111,1,1,0,"[{""task"": ""T1"", ""value"": ""0""}]","{""seen_before"": false}",11
112,2,2,0,"[{""task"": ""T1"", ""value"": ""1""}]","{""seen_before"": false}",12
113,3,3,0,"[{""task"": ""T1"", ""value"": ""1""}]","{""seen_before"": false}",13
114,4,4,0,"[{""task"": ""T1"", ""value"": ""0""}]","{""seen_before"": false}",14
115,5,5,0,"[{""task"": ""T1"", ""value"": ""0""}]","{""seen_before"": false}",15
116,6,6,0,"[{""task"": ""T1"", ""value"": ""0""}]","{""seen_before"": false}",16
117,7,7,0,"[{""task"": ""T1"", ""value"": ""1""}]","{""seen_before"": false}",17
118,8,8,0,"[{""task"": ""T1"", ""value"": ""0""}]","{""seen_before"": false}",18
119,9,9,0,"[{""task"": ""T1"", ""value"": ""0""}]","{""seen_before"": false}",19
120,0,0,0,"[{""task"": ""T1"", ""value"": ""1""}]","{""seen_before"": false}",0
121,1,1,0,"[{""task"": ""T1"", ""value"": ""0""}]","{""seen_before"": false}",1
122,2,2,0,"[{""task"": ""T1"", ""value"": ""0""}]","{""seen_before"": false}",2
123,3,3,0,"[{""task"": ""T1"", ""value"": ""1""}]","{""seen_before"": false}",3
124,4,4,0,"[{""task"": ""T1"", ""value"": ""0""}]","{""seen_before"": false}",4
125,5,5,0,"[{""task"": ""T1"", ""value"": ""1""}]","{""seen_before"": false}",5
126,6,6,0,"[{""task"": ""T1"", ""value"": ""0""}]","{""seen_before"": false}",6
127,7,7,0,"[{""task"": ""T1"", ""value"": ""1""}]","{""seen_before"": false}",7
128,8,8,0,"[{""task"": ""T1"", ""value"": ""1""}]","{""seen_before"": false}",8
129,9,9,0,"[{""task"": ""T1"", ""value"": ""0""}]","{""seen_before"": false}",9
130,0,0,0,"[{""task"": ""T1"", ""value"": ""1""}]","{""seen_before"": false}",10
131,1,1,0,"[{""task"": ""T1"", ""value"": ""1""}]","{""seen_before"": false}",11
132,2,2,0,"[{""task"": ""T1"", ""value"": ""0""}]","{""seen_before"": false}",12
133,3,3,0,"[{""task"": ""T1"", ""value"": ""1""}]","{""seen_before"": false}",13
134,4,4,0,"[{""task"": ""T1"", ""value"": ""0""}]","{""seen_before"": false}",14
135,5,5,0,"[{""task"": ""T1"", ""value"": ""1""}]","{""seen_before"": false}",15
136,6,6,0,"[{""task"": ""T1"", ""value"": ""1""}]","{""seen_before"": false}",16
137,7,7,0,"[{""task"": ""T1"", ""value"": ""0""}]","{""seen_before"": false}",17
138,8,8,0,"[{""task"": ""T1"", ""value"": ""0""}]","{""seen_before"": false}",18
139,9,9,0,"[{""task"": ""T1"", ""value"": ""0""}]","{""seen_before"": false}",19
140,0,0,0,"[{""task"": ""T1"", ""value"": ""0""}]","{""seen_before"": false}",0
141,1,1,0,"[{""task"": ""T1"", ""value"": ""1""}]","{""seen_before"": false}",1
142,2,2,0,"[{""task"": ""T1"", ""value"": ""1""}]","{""seen_before"": false}",2
143,3,3,0,"[{""task"": ""T1"", ""value"": ""1""}]","{""seen_before"": false}",3
144,4,4,0,"[{""task"": ""T1"", ""value"": ""0""}]","{""seen_before"": false}",4
145,5,5,0,"[{""task"": ""T1"", ""value"": ""0""}]","{""seen_before"": false}",5
146,6,6,0,"[{""task"": ""T1"", ""value"": ""1""}]","{""seen_before"": false}",6
147,7,7,0,"[{""task"": ""T1"", ""value"": ""1""}]","{""seen_before"": false}",7
148,8,8,0,"[{""task"": ""T1"", ""value"": ""0""}]","{""seen_before"": false}",8
149,9,9,0,"[{""task"": ""T1"", ""value"": ""1""}]","{""seen_before"": false}",9
150,0,0,0,"[{""task"": ""T1"", ""value"": ""1""}]","{""seen_before"": false}",10
151,1,1,0,"[{""task"": ""T1"", ""value"": ""0""}]","{""seen_before"": false}",11
152,2,2,0,"[{""task"": ""T1"", ""value"": ""1""}]","{""seen_before"": false}",12
153,3,3,0,"[{""task"": ""T1"", ""value"": ""1""}]","{""seen_before"": false}",13
154,4,4,0,"[{""task"": ""T1"", ""value"": ""1""}]","{""seen_before"": false}",14
155,5,5,0,"[{""task"": ""T1"", ""value"": ""1""}]","{""seen_before"": false}",15
156,6,6,0,"[{""task"": ""T1"", ""value"": ""1""}]","{""seen_before"": false}",16
157,7,7,0,"[{""task"": ""T1"", ""value"": ""1""}]","{""seen_before"": false}",17
158,8,8,0,"[{""task"": ""T1"", ""value"": ""1""}]","{""seen_before"": false}",18
159,9,9,0,"[{""task"": ""T1"", ""value"": ""1""}]","{""seen_before"": false}",19
160,0,0,0,"[{""task"": ""T1"", ""value"": ""0""}]","{""seen_before"": false}",0
161,1,1,0,"[{""task"": ""T1"", ""value"": ""0""}]","{""seen_before"": false}",1
162,2,2,0,"[{""task"": ""T1"", ""value"": ""0""}]","{""seen_before"": false}",2
163,3,3,0,"[{""task"": ""T1"", ""value"": ""1""}]","{""seen_before"": false}",3
164,4,4,0,"[{""task"": ""T1"", ""value"": ""1""}]","{""seen_before"": false}",4
165,5,5,0,"[{""task"": ""T1"", ""value"": ""0""}]","{""seen_before"": false}",5
166,6,6,0,"[{""task"": ""T1"", ""value"": ""1""}]","{""seen_before"": false}",6
167,7,7,0,"[{""task"": ""T1"", ""value"": ""1""}]","{""seen_before"": false}",7
168,8,8,0,"[{""task"": ""T1"", ""value"": ""1""}]","{""seen_before"": false}",8
169,9,9,0,"[{""task"": ""T1"", ""value"": ""1""}]","{""seen_before"": false}",9
170,0,0,0,"[{""task"": ""T1"", ""value"": ""0""}]","{""seen_before"": false}",10
171,1,1,0,"[{""task"": ""T1"", ""value"": ""1""}]","{""seen_before"": false}",11
172,2,2,0,"[{""task"": ""T1"", ""value"": ""1""}]","{""seen_before"": false}",12
173,3,3,0,"[{""task"": ""T1"", ""value"": ""0""}]","{""seen_before"": false}",13
174,4,4,0,"[{""task"": ""T1"", ""value"": ""0""}]","{""seen_before"": false}",14
175,5,5,0,"[{""task"": ""T1"", ""value"": ""1""}]","{""seen_before"": false}",15
176,6,6,0,"[{""task"": ""T1"", ""value"": ""0""}]","{""seen_before"": false}",16
177,7,7,0,"[{""task"": ""T1"", ""value"": ""1""}]","{""seen_before"": false}",17
178,8,8,0,"[{""task"": ""T1"", ""value"": ""0""}]","{""seen_before"": false}",18
179,9,9,0,"[{""task"": ""T1"", ""value"": ""1""}]","{""seen_before"": false}",19
180,0,0,0,"[{""task"": ""T1"", ""value"": ""1""}]","{""seen_before"": false}",0
181,1,1,0,"[{""task"": ""T1"", ""value"": ""1""}]","{""seen_before"": false}",1
182,2,2,0,"[{""task"": ""T1"", ""value"": ""1""}]","{""seen_before"": false}",2
183,3,3,0,"[{""task"": ""T1"", ""value"": ""0""}]","{""seen_before"": false}",3
184,4,4,0,"[{""task"": ""T1"", ""value"": ""1""}]","{""seen_before"": false}",4
185,5,5,0,"[{""task"": ""T1"", ""value"": ""0""}]","{""seen_before"": false}",5
186,6,6,0,"[{""task"": ""T1"", ""value"": ""0""}]","{""seen_before"": false}",6
187,7,7,0,"[{""task"": ""T1"", ""value"": ""1""}]","{""seen_before"": false}",7
188,8,8,0,"[{""task"": ""T1"", ""value"": ""0""}]","{""seen_before"": false}",8
189,9,9,0,"[{""task"": ""T1"", ""value"": ""1""}]","{""seen_before"": false}",9
190,0,0,0,"[{""task"": ""T1"", ""value"": ""0""}]","{""seen_before"": false}",10
191,1,1,0,"[{""task"": ""T1"", ""value"": ""1""}]","{""seen_before"": false}",11
192,2,2,0,"[{""task"": ""T1"", ""value"": ""1""}]","{""seen_before"": false}",12
193,3,3,0,"[{""task"": ""T1"", ""value"": ""1""}]","{""seen_before"": false}",13
194,4,4,0,"[{""task"": ""T1"", ""value"": ""1""}]","{""seen_before"": false}",14
195,5,5,0,"[{""task"": ""T1"", ""value"": ""0""}]","{""seen_before"": false}",15
196,6,6,0,"[{""task"": ""T1"", ""value"": ""0""}]","{""seen_before"": false}",16
197,7,7,0,"[{""task"": ""T1"", ""value"": ""1""}]","{""seen_before"": false}",17
198,8,8,0,"[{""task"": ""T1"", ""value"": ""1""}]","{""seen_before"": false}",18
199,9,9,0,"[{""task"": ""T1"", ""value"": ""1""}]","{""seen_before"": false}",19
200,0,0,0,"[{""task"": ""T1"", ""value"": ""0""}]","{""seen_before"": false}",0
201,1,1,0,"[{""task"": ""T1"", ""value"": ""1""}]","{""seen_before"": false}",1
202,2,2,0,"[{""task"": ""T1"", ""value"": ""1""}]","{""seen_before"": false}",2
203,3,3,0,"[{""task"": ""T1"", ""value"": ""0""}]","{""seen_before"": false}",3
204,4,4,0,"[{""task"": ""T1"", ""value"": ""1""}]","{""seen_before"": false}",4
205,5,5,0,"[{""task"": ""T1"", ""value"": ""1""}]","{""seen_before"": false}",5
206,6,6,0,"[{""task"": ""T1"", ""value"": ""0""}]","{""seen_before"": false}",6
207,7,7,0,"[{""task"": ""T1"", ""value"": ""1""}]","{""seen_before"": false}",7
208,8,8,0,"[{""task"": ""T1"", ""value"": ""0""}]","{""seen_before"": false}",8
209,9,9,0,"[{""task"": ""T1"", ""value"": ""0""}]","{""seen_before"": false}",9
210,0,0,0,"[{""task"": ""T1"", ""value"": ""1""}]","{""seen_before"": false}",10
211,1,1,0,"[{""task"": ""T1"", ""value"": ""1""}]","{""seen_before"": false}",11
212,2,2,0,"[{""task"": ""T1"", ""value"": ""0""}]","{""seen_before"": false}",12
213,3,3,0,"[{""task"": ""T1"", ""value"": ""1""}]","{""seen_before"": false}",13
214,4,4,0,"[{""task"": ""T1"", ""value"": ""0""}]","{""seen_before"": false}",14
215,5,5,0,"[{""task"": ""T1"", ""value"": ""1""}]","{""seen_before"": false}",15
216,6,6,0,"[{""task"": ""T1"", ""value"": ""0""}]","{""seen_before"": false}",16
217,7,7,0,"[{""task"": ""T1"", ""value"": ""1""}]","{""seen_before"": false}",17
218,8,8,0,"[{""task"": ""T1"", ""value"": ""0""}]","{""seen_before"": false}",18
219,9,9,0,"[{""task"": ""T1"", ""value"": ""0""}]","{""seen_before"": false}",19
220,0,0,0,"[{""task"": ""T1"", ""value"": ""0""}]","{""seen_before"": false}",0
221,1,1,0,"[{""task"": ""T1"", ""value"": ""0""}]","{""seen_before"": false}",1
222,2,2,0,"[{""task"": ""T1"", ""value"": ""0""}]","{""seen_before"": false}",2
223,3,3,0,"[{""task"": ""T1"", ""value"": ""1""}]","{""seen_before"": false}",3
224,4,4,0,"[{""task"": ""T1"", ""value"": ""0""}]","{""seen_before"": false}",4
225,5,5,0,"[{""task"": ""T1"", ""value"": ""1""}]","{""seen_before"": false}",5
226,6,6,0,"[{""task"": ""T1"", ""value"": ""0""}]","{""seen_before"": false}",6
227,7,7,0,"[{""task"": ""T1"", ""value"": ""0""}]","{""seen_before"": false}",7
228,8,8,0,"[{""task"": ""T1"", ""value"": ""0""}]","{""seen_before"": false}",8
229,9,9,0,"[{""task"": ""T1"", ""value"": ""1""}]","{""seen_before"": false}",9
230,0,0,0,"[{""task"": ""T1"", ""value"": ""0""}]","{""seen_before"": false}",10
231,1,1,0,"[{""task"": ""T1"", ""value"": ""1""}]","{""seen_before"": false}",11
232,2,2,0,"[{""task"": ""T1"", ""value"": ""0""}]","{""seen_before"": false}",12
233,3,3,0,"[{""task"": ""T1"", ""value"": ""1""}]","{""seen_before"": false}",13
234,4,4,0,"[{""task"": ""T1"", ""value"": ""0""}]","{""seen_before"": false}",14
235,5,5,0,"[{""task"": ""T1"", ""value"": ""1""}]","{""seen_before"": false}",15
236,6,6,0,"[{""task"": ""T1"", ""value"": ""0""}]","{""seen_before"": false}",16
237,7,7,0,"[{""task"": ""T1"", ""value"": ""1""}]","{""seen_before"": false}",17
238,8,8,0,"[{""task"": ""T1"", ""value"": ""1""}]","{""seen_before"": false}",18
239,9,9,0,"[{""task"": ""T1"", ""value"": ""1""}]","{""seen_before"": false}",19
240,0,0,0,"[{""task"": ""T1"", ""value"": ""0""}]","{""seen_before"": false}",0
241,1,1,0,"[{""task"": ""T1"", ""value"": ""0""}]","{""seen_before"": false}",1
242,2,2,0,"[{""task"": ""T1"", ""value"": ""0""}]","{""seen_before"": false}",2
243,3,3,0,"[{""task"": ""T1"", ""value"": ""1""}]","{""seen_before"": false}",3
244,4,4,0,"[{""task"": ""T1"", ""value"": ""1""}]","{""seen_before"": false}",4
245,5,5,0,"[{""task"": ""T1"", ""value"": ""0""}]","{""seen_before"": false}",5
246,6,6,0,"[{""task"": ""T1"", ""value"": ""0""}]","{""seen_before"": false}",6
247,7,7,0,"[{""task"": ""T1"", ""value"": ""1""}]","{""seen_before"": false}",7
248,8,8,0,"[{""task"": ""T1"", ""value"": ""0""}]","{""seen_before"": false}",8
249,9,9,0,"[{""task"": ""T1"", ""value"": ""1""}]","{""seen_before"": false}",9
250,0,0,0,"[{""task"": ""T1"", ""value"": ""0""}]","{""seen_before"": false}",10
251,1,1,0,"[{""task"": ""T1"", ""value"": ""0""}]","{""seen_before"": false}",11
252,2,2,0,"[{""task"": ""T1"", ""value"": ""0""}]","{""seen_before"": false}",12
253,3,3,0,"[{""task"": ""T1"", ""value"": ""0""}]","{""seen_before"": false}",13
254,4,4,0,"[{""task"": ""T1"", ""value"": ""1""}]","{""seen_before"": false}",14
255,5,5,0,"[{""task"": ""T1"", ""value"": ""1""}]","{""seen_before"": false}",15
256,6,6,0,"[{""task"": ""T1"", ""value"": ""0""}]","{""seen_before"": false}",16
257,7,7,0,"[{""task"": ""T1"", ""value"": ""1""}]","{""seen_before"": false}",17
258,8,8,0,"[{""task"": ""T1"", ""value"": ""0""}]","{""seen_before"": false}",18
259,9,9,0,"[{""task"": ""T1"", ""value"": ""1""}]","{""seen_before"": false}",19
260,0,0,0,"[{""task"": ""T1"", ""value"": ""0""}]","{""seen_before"": false}",0
261,1,1,0,"[{""task"": ""T1"", ""value"": ""1""}]","{""seen_before"": false}",1
262,2,2,0,"[{""task"": ""T1"", ""value"": ""0""}]","{""seen_before"": false}",2
263,3,3,0,"[{""task"": ""T1"", ""value"": ""0""}]","{""seen_before"": false}",3
264,4,4,0,"[{""task"": ""T1"", ""value"": ""0""}]","{""seen_before"": false}",4
265,5,5,0,"[{""task"": ""T1"", ""value"": ""0""}]","{""seen_before"": false}",5
266,6,6,0,"[{""task"": ""T1"", ""value"": ""1""}]","{""seen_before"": false}",6
267,7,7,0,"[{""task"": ""T1"", ""value"": ""1""}]","{""seen_before"": false}",7
268,8,8,0,"[{""task"": ""T1"", ""value"": ""0""}]","{""seen_before"": false}",8
269,9,9,0,"[{""task"": ""T1"", ""value"": ""0""}]","{""seen_before"": false}",9
270,0,0,0,"[{""task"": ""T1"", ""value"": ""1""}]","{""seen_before"": false}",10
271,1,1,0,"[{""task"": ""T1"", ""value"": ""1""}]","{""seen_before"": false}",11
272,2,2,0,"[{""task"": ""T1"", ""value"": ""1""}]","{""seen_before"": false}",12
273,3,3,0,"[{""task"": ""T1"", ""value"": ""1""}]","{""seen_before"": false}",13
274,4,4,0,"[{""task"": ""T1"", ""value"": ""0""}]","{""seen_before"": false}",14
275,5,5,0,"[{""task"": ""T1"", ""value"": ""1""}]","{""seen_before"": false}",15
276,6,6,0,"[{""task"": ""T1"", ""value"": ""1""}]","{""seen_before"": false}",16
277,7,7,0,"[{""task"": ""T1"", ""value"": ""1""}]","{""seen_before"": false}",17
278,8,8,0,"[{""task"": ""T1"", ""value"": ""0""}]","{""seen_before"": false}",18
279,9,9,0,"[{""task"": ""T1"", ""value"": ""0""}]","{""seen_before"": false}",19
280,0,0,0,"[{""task"": ""T1"", ""value"": ""1""}]","{""seen_before"": false}",0
281,1,1,0,"[{""task"": ""T1"", ""value"": ""1""}]","{""seen_before"": false}",1
282,2,2,0,"[{""task"": ""T1"", ""value"": ""0""}]","{""seen_before"": false}",2
283,3,3,0,"[{""task"": ""T1"", ""value"": ""1""}]","{""seen_before"": false}",3
284,4,4,0,"[{""task"": ""T1"", ""value"": ""0""}]","{""seen_before"": false}",4
285,5,5,0,"[{""task"": ""T1"", ""value"": ""1""}]","{""seen_before"": false}",5
286,6,6,0,"[{""task"": ""T1"", ""value"": ""1""}]","{""seen_before"": false}",6
287,7,7,0,"[{""task"": ""T1"", ""value"": ""0""}]","{""seen_before"": false}",7
288,8,8,0,"[{""task"": ""T1"", ""value"": ""1""}]","{""seen_before"": false}",8
289,9,9,0,"[{""task"": ""T1"", ""value"": ""1""}]","{""seen_before"": false}",9
290,0,0,0,"[{""task"": ""T1"", ""value"": ""0""}]","{""seen_before"": false}",10
291,1,1,0,"[{""task"": ""T1"", ""value"": ""1""}]","{""seen_before"": false}",11
292,2,2,0,"[{""task"": ""T1"", ""value"": ""1""}]","{""seen_before"": false}",12
293,3,3,0,"[{""task"": ""T1"", ""value"": ""0""}]","{""seen_before"": false}",13
294,4,4,0,"[{""task"": ""T1"", ""value"": ""1""}]","{""seen_before"": false}",14
295,5,5,0,"[{""task"": ""T1"", ""value"": ""1""}]","{""seen_before"": false}",15
296,6,6,0,"[{""task"": ""T1"", ""value"": ""0""}]","{""seen_before"": false}",16
297,7,7,0,"[{""task"": ""T1"", ""value"": ""0""}]","{""seen_before"": false}",17
298,8,8,0,"[{""task"": ""T1"", ""value"": ""1""}]","{""seen_before"": false}",18
299,9,9,0,"[{""task"": ""T1"", ""value"": ""0""}]","{""seen_before"": false}",19
300,0,0,0,"[{""task"": ""T1"", ""value"": ""1""}]","{""seen_before"": false}",0
301,1,1,0,"[{""task"": ""T1"", ""value"": ""0""}]","{""seen_before"": false}",1
302,2,2,0,"[{""task"": ""T1"", ""value"": ""1""}]","{""seen_before"": false}",2
303,3,3,0,"[{""task"": ""T1"", ""value"": ""1""}]","{""seen_before"": false}",3
304,4,4,0,"[{""task"": ""T1"", ""value"": ""0""}]","{""seen_before"": false}",4
305,5,5,0,"[{""task"": ""T1"", ""value"": ""0""}]","{""seen_before"": false}",5
306,6,6,0,"[{""task"": ""T1"", ""value"": ""1""}]","{""seen_before"": false}",6
307,7,7,0,"[{""task"": ""T1"", ""value"": ""0""}]","{""seen_before"": false}",7
308,8,8,0,"[{""task"": ""T1"", ""value"": ""0""}]","{""seen_before"": false}",8
309,9,9,0,"[{""task"": ""T1"", ""value"": ""0""}]","{""seen_before"": false}",9
310,0,0,0,"[{""task"": ""T1"", ""value"": ""0""}]","{""seen_before"": false}",10
311,1,1,0,"[{""task"": ""T1"", ""value"": ""1""}]","{""seen_before"": false}",11
312,2,2,0,"[{""task"": ""T1"", ""value"": ""0""}]","{""seen_before"": false}",12
313,3,3,0,"[{""task"": ""T1"", ""value"": ""0""}]","{""seen_before"": false}",13
314,4,4,0,"[{""task"": ""T1"", ""value"": ""0""}]","{""seen_before"": false}",14
315,5,5,0,"[{""task"": ""T1"", ""value"": ""0""}]","{""seen_before"": false}",15
316,6,6,0,"[{""task"": ""T1"", ""value"": ""0""}]","{""seen_before"": false}",16
317,7,7,0,"[{""task"": ""T1"", ""value"": ""0""}]","{""seen_before"": false}",17
318,8,8,0,"[{""task"": ""T1"", ""value"": ""0""}]","{""seen_before"": false}",18
319,9,9,0,"[{""task"": ""T1"", ""value"": ""0""}]","{""seen_before"": false}",19
320,0,0,0,"[{""task"": ""T1"", ""value"": ""0""}]","{""seen_before"": false}",0
321,1,1,0,"[{""task"": ""T1"", ""value"": ""0""}]","{""seen_before"": false}",1
322,2,2,0,"[{""task"": ""T1"", ""value"": ""0""}]","{""seen_before"": false}",2
323,3,3,0,"[{""task"": ""T1"", ""value"": ""1""}]","{""seen_before"": false}",3
324,4,4,0,"[{""task"": ""T1"", ""value"": ""1""}]","{""seen_before"": false}",4
325,5,5,0,"[{""task"": ""T1"", ""value"": ""0""}]","{""seen_before"": false}",5
326,6,6,0,"[{""task"": ""T1"", ""value"": ""1""}]","{""seen_before"": false}",6
327,7,7,0,"[{""task"": ""T1"", ""value"": ""0""}]","{""seen_before"": false}",7
328,8,8,0,"[{""task"": ""T1"", ""value"": ""0""}]","{""seen_before"": false}",8
329,9,9,0,"[{""task"": ""T1"", ""value"": ""1""}]","{""seen_before"": false}",9
330,0,0,0,"[{""task"": ""T1"", ""value"": ""0""}]","{""seen_before"": false}",10
331,1,1,0,"[{""task"": ""T1"", ""value"": ""0""}]","{""seen_before"": false}",11
332,2,2,0,"[{""task"": ""T1"", ""value"": ""1""}]","{""seen_before"": false}",12
333,3,3,0,"[{""task"": ""T1"", ""value"": ""1""}]","{""seen_before"": false}",13
334,4,4,0,"[{""task"": ""T1"", ""value"": ""0""}]","{""seen_before"": false}",14
335,5,5,0,"[{""task"": ""T1"", ""value"": ""1""}]","{""seen_before"": false}",15
336,6,6,0,"[{""task"": ""T1"", ""value"": ""0""}]","{""seen_before"": false}",16
337,7,7,0,"[{""task"": ""T1"", ""value"": ""1""}]","{""seen_before"": false}",17
338,8,8,0,"[{""task"": ""T1"", ""value"": ""0""}]","{""seen_before"": false}",18
339,9,9,0,"[{""task"": ""T1"", ""value"": ""1""}]","{""seen_before"": false}",19
340,0,0,0,"[{""task"": ""T1"", ""value"": ""0""}]","{""seen_before"": false}",0
341,1,1,0,"[{""task"": ""T1"", ""value"": ""0""}]","{""seen_before"": false}",1
342,2,2,0,"[{""task"": ""T1"", ""value"": ""0""}]","{""seen_before"": false}",2
343,3,3,0,"[{""task"": ""T1"", ""value"": ""1""}]","{""seen_before"": false}",3
344,4,4,0,"[{""task"": ""T1"", ""value"": ""1""}]","{""seen_before"": false}",4
345,5,5,0,"[{""task"": ""T1"", ""value"": ""0""}]","{""seen_before"": false}",5
346,6,6,0,"[{""task"": ""T1"", ""value"": ""1""}]","{""seen_before"": false}",6
347,7,7,0,"[{""task"": ""T1"", ""value"": ""1""}]","{""seen_before"": false}",7
348,8,8,0,"[{""task"": ""T1"", ""value"": ""1""}]","{""seen_before"": false}",8
349,9,9,0,"[{""task"": ""T1"", ""value"": ""0""}]","{""seen_before"": false}",9
350,0,0,0,"[{""task"": ""T1"", ""value"": ""1""}]","{""seen_before"": false}",10
351,1,1,0,"[{""task"": ""T1"", ""value"": ""1""}]","{""seen_before"": false}",11
352,2,2,0,"[{""task"": ""T1"", ""value"": ""0""}]","{""seen_before"": false}",12
353,3,3,0,"[{""task"": ""T1"", ""value"": ""1""}]","{""seen_before"": false}",13
354,4,4,0,"[{""task"": ""T1"", ""value"": ""0""}]","{""seen_before"": false}",14
355,5,5,0,"[{""task"": ""T1"", ""value"": ""0""}]","{""seen_before"": false}",15
356,6,6,0,"[{""task"": ""T1"", ""value"": ""1""}]","{""seen_before"": false}",16
357,7,7,0,"[{""task"": ""T1"", ""value"": ""1""}]","{""seen_before"": false}",17
358,8,8,0,"[{""task"": ""T1"", ""value"": ""1""}]","{""seen_before"": false}",18
359,9,9,0,"[{""task"": ""T1"", ""value"": ""0""}]","{""seen_before"": false}",19
360,0,0,0,"[{""task"": ""T1"", ""value"": ""0""}]","{""seen_before"": false}",0
361,1,1,0,"[{""task"": ""T1"", ""value"": ""1""}]","{""seen_before"": false}",1
362,2,2,0,"[{""task"": ""T1"", ""value"": ""0""}]","{""seen_before"": false}",2
363,3,3,0,"[{""task"": ""T1"", ""value"": ""0""}]","{""seen_before"": false}",3
364,4,4,0,"[{""task"": ""T1"", ""value"": ""0""}]","{""seen_before"": false}",4
365,5,5,0,"[{""task"": ""T1"", ""value"": ""1""}]","{""seen_before"": false}",5
366,6,6,0,"[{""task"": ""T1"", ""value"": ""1""}]","{""seen_before"": false}",6
367,7,7,0,"[{""task"": ""T1"", ""value"": ""1""}]","{""seen_before"": false}",7
368,8,8,0,"[{""task"": ""T1"", ""value"": ""1""}]","{""seen_before"": false}",8
369,9,9,0,"[{""task"": ""T1"", ""value"": ""1""}]","{""seen_before"": false}",9
370,0,0,0,"[{""task"": ""T1"", ""value"": ""0""}]","{""seen_before"": false}",10
371,1,1,0,"[{""task"": ""T1"", ""value"": ""0""}]","{""seen_before"": false}",11
372,2,2,0,"[{""task"": ""T1"", ""value"": ""0""}]","{""seen_before"": false}",12
373,3,3,0,"[{""task"": ""T1"", ""value"": ""1""}]","{""seen_before"": false}",13
374,4,4,0,"[{""task"": ""T1"", ""value"": ""0""}]","{""seen_before"": false}",14
375,5,5,0,"[{""task"": ""T1"", ""value"": ""1""}]","{""seen_before"": false}",15
376,6,6,0,"[{""task"": ""T1"", ""value"": ""1""}]","{""seen_before"": false}",16
377,7,7,0,"[{""task"": ""T1"", ""value"": ""1""}]","{""seen_before"": false}",17
378,8,8,0,"[{""task"": ""T1"", ""value"": ""0""}]","{""seen_before"": false}",18
379,9,9,0,"[{""task"": ""T1"", ""value"": ""1""}]","{""seen_before"": false}",19
380,0,0,0,"[{""task"": ""T1"", ""value"": ""0""}]","{""seen_before"": false}",0
381,1,1,0,"[{""task"": ""T1"", ""value"": ""1""}]","{""seen_before"": false}",1
382,2,2,0,"[{""task"": ""T1"", ""value"": ""1""}]","{""seen_before"": false}",2
383,3,3,0,"[{""task"": ""T1"", ""value"": ""1""}]","{""seen_before"": false}",3
384,4,4,0,"[{""task"": ""T1"", ""value"": ""0""}]","{""seen_before"": false}",4
385,5,5,0,"[{""task"": ""T1"", ""value"": ""1""}]","{""seen_before"": false}",5
386,6,6,0,"[{""task"": ""T1"", ""value"": ""1""}]","{""seen_before"": false}",6
387,7,7,0,"[{""task"": ""T1"", ""value"": ""1""}]","{""seen_before"": false}",7
388,8,8,0,"[{""task"": ""T1"", ""value"": ""0""}]","{""seen_before"": false}",8
389,9,9,0,"[{""task"": ""T1"", ""value"": ""0""}]","{""seen_before"": false}",9
390,0,0,0,"[{""task"": ""T1"", ""value"": ""1""}]","{""seen_before"": false}",10
391,1,1,0,"[{""task"": ""T1"", ""value"": ""1""}]","{""seen_before"": false}",11
392,2,2,0,"[{""task"": ""T1"", ""value"": ""1""}]","{""seen_before"": false}",12
393,3,3,0,"[{""task"": ""T1"", ""value"": ""0""}]","{""seen_before"": false}",13
394,4,4,0,"[{""task"": ""T1"", ""value"": ""1""}]","{""seen_before"": false}",14
395,5,5,0,"[{""task"": ""T1"", ""value"": ""0""}]","{""seen_before"": false}",15
396,6,6,0,"[{""task"": ""T1"", ""value"": ""1""}]","{""seen_before"": false}",16
397,7,7,0,"[{""task"": ""T1"", ""value"": ""1""}]","{""seen_before"": false}",17
398,8,8,0,"[{""task"": ""T1"", ""value"": ""0""}]","{""seen_before"": false}",18
399,9,9,0,"[{""task"": ""T1"", ""value"": ""1""}]","{""seen_before"": false}",19
400,0,0,0,"[{""task"": ""T1"", ""value"": ""0""}]","{""seen_before"": false}",0
401,1,1,0,"[{""task"": ""T1"", ""value"": ""1""}]","{""seen_before"": false}",1
402,2,2,0,"[{""task"": ""T1"", ""value"": ""1""}]","{""seen_before"": false}",2
403,3,3,0,"[{""task"": ""T1"", ""value"": ""1""}]","{""seen_before"": false}",3
404,4,4,0,"[{""task"": ""T1"", ""value"": ""1""}]","{""seen_before"": false}",4
405,5,5,0,"[{""task"": ""T1"", ""value"": ""0""}]","{""seen_before"": false}",5
406,6,6,0,"[{""task"": ""T1"", ""value"": ""0""}]","{""seen_before"": false}",6
407,7,7,0,"[{""task"": ""T1"", ""value"": ""0""}]","{""seen_before"": false}",7
408,8,8,0,"[{""task"": ""T1"", ""value"": ""0""}]","{""seen_before"": false}",8
409,9,9,0,"[{""task"": ""T1"", ""value"": ""0""}]","{""seen_before"": false}",9
410,0,0,0,"[{""task"": ""T1"", ""value"": ""0""}]","{""seen_before"": false}",10
411,1,1,0,"[{""task"": ""T1"", ""value"": ""0""}]","{""seen_before"": false}",11
412,2,2,0,"[{""task"": ""T1"", ""value"": ""0""}]","{""seen_before"": false}",12
413,3,3,0,"[{""task"": ""T1"", ""value"": ""1""}]","{""seen_before"": false}",13
414,4,4,0,"[{""task"": ""T1"", ""value"": ""0""}]","{""seen_before"": false}",14
415,5,5,0,"[{""task"": ""T1"", ""value"": ""0""}]","{""seen_before"": false}",15
416,6,6,0,"[{""task"": ""T1"", ""value"": ""0""}]","{""seen_before"": false}",16
417,7,7,0,"[{""task"": ""T1"", ""value"": ""1""}]","{""seen_before"": false}",17
418,8,8,0,"[{""task"": ""T1"", ""value"": ""1""}]","{""seen_before"": false}",18
419,9,9,0,"[{""task"": ""T1"", ""value"": ""1""}]","{""seen_before"": false}",19
420,0,0,0,"[{""task"": ""T1"", ""value"": ""0""}]","{""seen_before"": false}",0
421,1,1,0,"[{""task"": ""T1"", ""value"": ""1""}]","{""seen_before"": false}",1
422,2,2,0,"[{""task"": ""T1"", ""value"": ""0""}]","{""seen_before"": false}",2
423,3,3,0,"[{""task"": ""T1"", ""value"": ""1""}]","{""seen_before"": false}",3
424,4,4,0,"[{""task"": ""T1"", ""value"": ""1""}]","{""seen_before"": false}",4
425,5,5,0,"[{""task"": ""T1"", ""value"": ""0""}]","{""seen_before"": false}",5
426,6,6,0,"[{""task"": ""T1"", ""value"": ""1""}]","{""seen_before"": false}",6
427,7,7,0,"[{""task"": ""T1"", ""value"": ""1""}]","{""seen_before"": false}",7
428,8,8,0,"[{""task"": ""T1"", ""value"": ""0""}]","{""seen_before"": false}",8
429,9,9,0,"[{""task"": ""T1"", ""value"": ""0""}]","{""seen_before"": false}",9
430,0,0,0,"[{""task"": ""T1"", ""value"": ""0""}]","{""seen_before"": false}",10
431,1,1,0,"[{""task"": ""T1"", ""value"": ""0""}]","{""seen_before"": false}",11
432,2,2,0,"[{""task"": ""T1"", ""value"": ""1""}]","{""seen_before"": false}",12
433,3,3,0,"[{""task"": ""T1"", ""value"": ""1""}]","{""seen_before"": false}",13
434,4,4,0,"[{""task"": ""T1"", ""value"": ""1""}]","{""seen_before"": false}",14
435,5,5,0,"[{""task"": ""T1"", ""value"": ""1""}]","{""seen_before"": false}",15
436,6,6,0,"[{""task"": ""T1"", ""value"": ""1""}]","{""seen_before"": false}",16
437,7,7,0,"[{""task"": ""T1"", ""value"": ""1""}]","{""seen_before"": false}",17
438,8,8,0,"[{""task"": ""T1"", ""value"": ""0""}]","{""seen_before"": false}",18
439,9,9,0,"[{""task"": ""T1"", ""value"": ""0""}]","{""seen_before"": false}",19
440,0,0,0,"[{""task"": ""T1"", ""value"": ""1""}]","{""seen_before"": false}",0
441,1,1,0,"[{""task"": ""T1"", ""value"": ""1""}]","{""seen_before"": false}",1
442,2,2,0,"[{""task"": ""T1"", ""value"": ""0""}]","{""seen_before"": false}",2
443,3,3,0,"[{""task"": ""T1"", ""value"": ""0""}]","{""seen_before"": false}",3
444,4,4,0,"[{""task"": ""T1"", ""value"": ""1""}]","{""seen_before"": false}",4
445,5,5,0,"[{""task"": ""T1"", ""value"": ""1""}]","{""seen_before"": false}",5
446,6,6,0,"[{""task"": ""T1"", ""value"": ""0""}]","{""seen_before"": false}",6
447,7,7,0,"[{""task"": ""T1"", ""value"": ""1""}]","{""seen_before"": false}",7
448,8,8,0,"[{""task"": ""T1"", ""value"": ""1""}]","{""seen_before"": false}",8
449,9,9,0,"[{""task"": ""T1"", ""value"": ""1""}]","{""seen_before"": false}",9
450,0,0,0,"[{""task"": ""T1"", ""value"": ""1""}]","{""seen_before"": false}",10
451,1,1,0,"[{""task"": ""T1"", ""value"": ""1""}]","{""seen_before"": false}",11
452,2,2,0,"[{""task"": ""T1"", ""value"": ""1""}]","{""seen_before"": false}",12
453,3,3,0,"[{""task"": ""T1"", ""value"": ""1""}]","{""seen_before"": false}",13
454,4,4,0,"[{""task"": ""T1"", ""value"": ""1""}]","{""seen_before"": false}",14
455,5,5,0,"[{""task"": ""T1"", ""value"": ""1""}]","{""seen_before"": false}",15
456,6,6,0,"[{""task"": ""T1"", ""value"": ""0""}]","{""seen_before"": false}",16
457,7,7,0,"[{""task"": ""T1"", ""value"": ""1""}]","{""seen_before"": false}",17
458,8,8,0,"[{""task"": ""T1"", ""value"": ""1""}]","{""seen_before"": false}",18
459,9,9,0,"[{""task"": ""T1"", ""value"": ""0""}]","{""seen_before"": false}",19
460,0,0,0,"[{""task"": ""T1"", ""value"": ""1""}]","{""seen_before"": false}",0
461,1,1,0,"[{""task"": ""T1"", ""value"": ""1""}]","{""seen_before"": false}",1
462,2,2,0,"[{""task"": ""T1"", ""value"": ""0""}]","{""seen_before"": false}",2
463,3,3,0,"[{""task"": ""T1"", ""value"": ""1""}]","{""seen_before"": false}",3
464,4,4,0,"[{""task"": ""T1"", ""value"": ""1""}]","{""seen_before"": false}",4
465,5,5,0,"[{""task"": ""T1"", ""value"": ""1""}]","{""seen_before"": false}",5
466,6,6,0,"[{""task"": ""T1"", ""value"": ""1""}]","{""seen_before"": false}",6
467,7,7,0,"[{""task"": ""T1"", ""value"": ""1""}]","{""seen_before"": false}",7
468,8,8,0,"[{""task"": ""T1"", ""value"": ""0""}]","{""seen_before"": false}",8
469,9,9,0,"[{""task"": ""T1"", ""value"": ""0""}]","{""seen_before"": false}",9
470,0,0,0,"[{""task"": ""T1"", ""value"": ""0""}]","{""seen_before"": false}",10
471,1,1,0,"[{""task"": ""T1"", ""value"": ""0""}]","{""seen_before"": false}",11
472,2,2,0,"[{""task"": ""T1"", ""value"": ""1""}]","{""seen_before"": false}",12
473,3,3,0,"[{""task"": ""T1"", ""value"": ""1""}]","{""seen_before"": false}",13
474,4,4,0,"[{""task"": ""T1"", ""value"": ""1""}]","{""seen_before"": false}",14
475,5,5,0,"[{""task"": ""T1"", ""value"": ""0""}]","{""seen_before"": false}",15
476,6,6,0,"[{""task"": ""T1"", ""value"": ""1""}]","{""seen_before"": false}",16
477,7,7,0,"[{""task"": ""T1"", ""value"": ""0""}]","{""seen_before"": false}",17
478,8,8,0,"[{""task"": ""T1"", ""value"": ""0""}]","{""seen_before"": false}",18
479,9,9,0,"[{""task"": ""T1"", ""value"": ""1""}]","{""seen_before"": false}",19
480,0,0,0,"[{""task"": ""T1"", ""value"": ""0""}]","{""seen_before"": false}",0
481,1,1,0,"[{""task"": ""T1"", ""value"": ""0""}]","{""seen_before"": false}",1
482,2,2,0,"[{""task"": ""T1"", ""value"": ""0""}]","{""seen_before"": false}",2
483,3,3,0,"[{""task"": ""T1"", ""value"": ""0""}]","{""seen_before"": false}",3
484,4,4,0,"[{""task"": ""T1"", ""value"": ""1""}]","{""seen_before"": false}",4
485,5,5,0,"[{""task"": ""T1"", ""value"": ""0""}]","{""seen_before"": false}",5
486,6,6,0,"[{""task"": ""T1"", ""value"": ""0""}]","{""seen_before"": false}",6
487,7,7,0,"[{""task"": ""T1"", ""value"": ""0""}]","{""seen_before"": false}",7
488,8,8,0,"[{""task"": ""T1"", ""value"": ""0""}]","{""seen_before"": false}",8
489,9,9,0,"[{""task"": ""T1"", ""value"": ""0""}]","{""seen_before"": false}",9
490,0,0,0,"[{""task"": ""T1"", ""value"": ""1""}]","{""seen_before"": false}",10
491,1,1,0,"[{""task"": ""T1"", ""value"": ""1""}]","{""seen_before"": false}",11
492,2,2,0,"[{""task"": ""T1"", ""value"": ""0""}]","{""seen_before"": false}",12
493,3,3,0,"[{""task"": ""T1"", ""value"": ""0""}]","{""seen_before"": false}",13
494,4,4,0,"[{""task"": ""T1"", ""value"": ""1""}]","{""seen_before"": false}",14
495,5,5,0,"[{""task"": ""T1"", ""value"": ""1""}]","{""seen_before"": false}",15
496,6,6,0,"[{""task"": ""T1"", ""value"": ""1""}]","{""seen_before"": false}",16
497,7,7,0,"[{""task"": ""T1"", ""value"": ""0""}]","{""seen_before"": false}",17
498,8,8,0,"[{""task"": ""T1"", ""value"": ""0""}]","{""seen_before"": false}",18
499,9,9,0,"[{""task"": ""T1"", ""value"": ""1""}]","{""seen_before"": false}",19
500,0,0,0,"[{""task"": ""T1"", ""value"": ""1""}]","{""seen_before"": false}",0
501,1,1,0,"[{""task"": ""T1"", ""value"": ""1""}]","{""seen_before"": false}",1
502,2,2,0,"[{""task"": ""T1"", ""value"": ""1""}]","{""seen_before"": false}",2
503,3,3,0,"[{""task"": ""T1"", ""value"": ""0""}]","{""seen_before"": false}",3
504,4,4,0,"[{""task"": ""T1"", ""value"": ""0""}]","{""seen_before"": false}",4
505,5,5,0,"[{""task"": ""T1"", ""value"": ""1""}]","{""seen_before"": false}",5
506,6,6,0,"[{""task"": ""T1"", ""value"": ""1""}]","{""seen_before"": false}",6
507,7,7,0,"[{""task"": ""T1"", ""value"": ""1""}]","{""seen_before"": false}",7
508,8,8,0,"[{""task"": ""T1"", ""value"": ""0""}]","{""seen_before"": false}",8
509,9,9,0,"[{""task"": ""T1"", ""value"": ""1""}]","{""seen_before"": false}",9
510,0,0,0,"[{""task"": ""T1"", ""value"": ""1""}]","{""seen_before"": false}",10
511,1,1,0,"[{""task"": ""T1"", ""value"": ""0""}]","{""seen_before"": false}",11
512,2,2,0,"[{""task"": ""T1"", ""value"": ""1""}]","{""seen_before"": false}",12
513,3,3,0,"[{""task"": ""T1"", ""value"": ""1""}]","{""seen_before"": false}",13
514,4,4,0,"[{""task"": ""T1"", ""value"": ""1""}]","{""seen_before"": false}",14
515,5,5,0,"[{""task"": ""T1"", ""value"": ""1""}]","{""seen_before"": false}",15
516,6,6,0,"[{""task"": ""T1"", ""value"": ""0""}]","{""seen_before"": false}",16
517,7,7,0,"[{""task"": ""T1"", ""value"": ""1""}]","{""seen_before"": false}",17
518,8,8,0,"[{""task"": ""T1"", ""value"": ""0""}]","{""seen_before"": false}",18
519,9,9,0,"[{""task"": ""T1"", ""value"": ""0""}]","{""seen_before"": false}",19
520,0,0,0,"[{""task"": ""T1"", ""value"": ""0""}]","{""seen_before"": false}",0
521,1,1,0,"[{""task"": ""T1"", ""value"": ""1""}]","{""seen_before"": false}",1
522,2,2,0,"[{""task"": ""T1"", ""value"": ""0""}]","{""seen_before"": false}",2
523,3,3,0,"[{""task"": ""T1"", ""value"": ""0""}]","{""seen_before"": false}",3
524,4,4,0,"[{""task"": ""T1"", ""value"": ""0""}]","{""seen_before"": false}",4
525,5,5,0,"[{""task"": ""T1"", ""value"": ""1""}]","{""seen_before"": false}",5
526,6,6,0,"[{""task"": ""T1"", ""value"": ""0""}]","{""seen_before"": false}",6
527,7,7,0,"[{""task"": ""T1"", ""value"": ""0""}]","{""seen_before"": false}",7
528,8,8,0,"[{""task"": ""T1"", ""value"": ""1""}]","{""seen_before"": false}",8
529,9,9,0,"[{""task"": ""T1"", ""value"": ""1""}]","{""seen_before"": false}",9
530,0,0,0,"[{""task"": ""T1"", ""value"": ""0""}]","{""seen_before"": false}",10
531,1,1,0,"[{""task"": ""T1"", ""value"": ""1""}]","{""seen_before"": false}",11
532,2,2,0,"[{""task"": ""T1"", ""value"": ""0""}]","{""seen_before"": false}",12
533,3,3,0,"[{""task"": ""T1"", ""value"": ""0""}]","{""seen_before"": false}",13
534,4,4,0,"[{""task"": ""T1"", ""value"": ""1""}]","{""seen_before"": false}",14
535,5,5,0,"[{""task"": ""T1"", ""value"": ""1""}]","{""seen_before"": false}",15
536,6,6,0,"[{""task"": ""T1"", ""value"": ""1""}]","{""seen_before"": false}",16
537,7,7,0,"[{""task"": ""T1"", ""value"": ""1""}]","{""seen_before"": false}",17
538,8,8,0,"[{""task"": ""T1"", ""value"": ""1""}]","{""seen_before"": false}",18
539,9,9,0,"[{""task"": ""T1"", ""value"": ""1""}]","{""seen_before"": false}",19
540,0,0,0,"[{""task"": ""T1"", ""value"": ""1""}]","{""seen_before"": false}",0
541,1,1,0,"[{""task"": ""T1"", ""value"": ""1""}]","{""seen_before"": false}",1
542,2,2,0,"[{""task"": ""T1"", ""value"": ""0""}]","{""seen_before"": false}",2
543,3,3,0,"[{""task"": ""T1"", ""value"": ""1""}]","{""seen_before"": false}",3
544,4,4,0,"[{""task"": ""T1"", ""value"": ""0""}]","{""seen_before"": false}",4
545,5,5,0,"[{""task"": ""T1"", ""value"": ""1""}]","{""seen_before"": false}",5
546,6,6,0,"[{""task"": ""T1"", ""value"": ""1""}]","{""seen_before"": false}",6
547,7,7,0,"[{""task"": ""T1"", ""value"": ""1""}]","{""seen_before"": false}",7
548,8,8,0,"[{""task"": ""T1"", ""value"": ""1""}]","{""seen_before"": false}",8
549,9,9,0,"[{""task"": ""T1"", ""value"": ""1""}]","{""seen_before"": false}",9
550,0,0,0,"[{""task"": ""T1"", ""value"": ""1""}]","{""seen_before"": false}",10
551,1,1,0,"[{""task"": ""T1"", ""value"": ""1""}]","{""seen_before"": false}",11
552,2,2,0,"[{""task"": ""T1"", ""value"": ""0""}]","{""seen_before"": false}",12
553,3,3,0,"[{""task"": ""T1"", ""value"": ""0""}]","{""seen_before"": false}",13
554,4,4,0,"[{""task"": ""T1"", ""value"": ""1""}]","{""seen_before"": false}",14
555,5,5,0,"[{""task"": ""T1"", ""value"": ""1""}]","{""seen_before"": false}",15
556,6,6,0,"[{""task"": ""T1"", ""value"": ""1""}]","{""seen_before"": false}",16
557,7,7,0,"[{""task"": ""T1"", ""value"": ""1""}]","{""seen_before"": false}",17
558,8,8,0,"[{""task"": ""T1"", ""value"": ""0""}]","{""seen_before"": false}",18
559,9,9,0,"[{""task"": ""T1"", ""value"": ""0""}]","{""seen_before"": false}",19
560,0,0,0,"[{""task"": ""T1"", ""value"": ""1""}]","{""seen_before"": false}",0
561,1,1,0,"[{""task"": ""T1"", ""value"": ""0""}]","{""seen_before"": false}",1
562,2,2,0,"[{""task"": ""T1"", ""value"": ""0""}]","{""seen_before"": false}",2
563,3,3,0,"[{""task"": ""T1"", ""value"": ""1""}]","{""seen_before"": false}",3
564,4,4,0,"[{""task"": ""T1"", ""value"": ""1""}]","{""seen_before"": false}",4
565,5,5,0,"[{""task"": ""T1"", ""value"": ""0""}]","{""seen_before"": false}",5
566,6,6,0,"[{""task"": ""T1"", ""value"": ""0""}]","{""seen_before"": false}",6
567,7,7,0,"[{""task"": ""T1"", ""value"": ""1""}]","{""seen_before"": false}",7
568,8,8,0,"[{""task"": ""T1"", ""value"": ""0""}]","{""seen_before"": false}",8
569,9,9,0,"[{""task"": ""T1"", ""value"": ""0""}]","{""seen_before"": false}",9
570,0,0,0,"[{""task"": ""T1"", ""value"": ""0""}]","{""seen_before"": false}",10
571,1,1,0,"[{""task"": ""T1"", ""value"": ""0""}]","{""seen_before"": false}",11
572,2,2,0,"[{""task"": ""T1"", ""value"": ""0""}]","{""seen_before"": false}",12
573,3,3,0,"[{""task"": ""T1"", ""value"": ""0""}]","{""seen_before"": false}",13
574,4,4,0,"[{""task"": ""T1"", ""value"": ""1""}]","{""seen_before"": false}",14
575,5,5,0,"[{""task"": ""T1"", ""value"": ""0""}]","{""seen_before"": false}",15
576,6,6,0,"[{""task"": ""T1"", ""value"": ""1""}]","{""seen_before"": false}",16
577,7,7,0,"[{""task"": ""T1"", ""value"": ""1""}]","{""seen_before"": false}",17
578,8,8,0,"[{""task"": ""T1"", ""value"": ""0""}]","{""seen_before"": false}",18
579,9,9,0,"[{""task"": ""T1"", ""value"": ""1""}]","{""seen_before"": false}",19
580,0,0,0,"[{""task"": ""T1"", ""value"": ""0""}]","{""seen_before"": false}",0
581,1,1,0,"[{""task"": ""T1"", ""value"": ""1""}]","{""seen_before"": false}",1
582,2,2,0,"[{""task"": ""T1"", ""value"": ""0""}]","{""seen_before"": false}",2
583,3,3,0,"[{""task"": ""T1"", ""value"": ""1""}]","{""seen_before"": false}",3
584,4,4,0,"[{""task"": ""T1"", ""value"": ""1""}]","{""seen_before"": false}",4
585,5,5,0,"[{""task"": ""T1"", ""value"": ""1""}]","{""seen_before"": false}",5
586,6,6,0,"[{""task"": ""T1"", ""value"": ""0""}]","{""seen_before"": false}",6
587,7,7,0,"[{""task"": ""T1"", ""value"": ""0""}]","{""seen_before"": false}",7
588,8,8,0,"[{""task"": ""T1"", ""value"": ""0""}]","{""seen_before"": false}",8
589,9,9,0,"[{""task"": ""T1"", ""value"": ""1""}]","{""seen_before"": false}",9
590,0,0,0,"[{""task"": ""T1"", ""value"": ""0""}]","{""seen_before"": false}",10
591,1,1,0,"[{""task"": ""T1"", ""value"": ""1""}]","{""seen_before"": false}",11
592,2,2,0,"[{""task"": ""T1"", ""value"": ""1""}]","{""seen_before"": false}",12
593,3,3,0,"[{""task"": ""T1"", ""value"": ""1""}]","{""seen_before"": false}",13
594,4,4,0,"[{""task"": ""T1"", ""value"": ""1""}]","{""seen_before"": false}",14
595,5,5,0,"[{""task"": ""T1"", ""value"": ""1""}]","{""seen_before"": false}",15
596,6,6,0,"[{""task"": ""T1"", ""value"": ""0""}]","{""seen_before"": false}",16
597,7,7,0,"[{""task"": ""T1"", ""value"": ""0""}]","{""seen_before"": false}",17
598,8,8,0,"[{""task"": ""T1"", ""value"": ""0""}]","{""seen_before"": false}",18
599,9,9,0,"[{""task"": ""T1"", ""value"": ""1""}]","{""seen_before"": false}",19
600,0,0,0,"[{""task"": ""T1"", ""value"": ""0""}]","{""seen_before"": false}",0
601,1,1,0,"[{""task"": ""T1"", ""value"": ""1""}]","{""seen_before"": false}",1
602,2,2,0,"[{""task"": ""T1"", ""value"": ""0""}]","{""seen_before"": false}",2
603,3,3,0,"[{""task"": ""T1"", ""value"": ""1""}]","{""seen_before"": false}",3
604,4,4,0,"[{""task"": ""T1"", ""value"": ""0""}]","{""seen_before"": false}",4
605,5,5,0,"[{""task"": ""T1"", ""value"": ""1""}]","{""seen_before"": false}",5
606,6,6,0,"[{""task"": ""T1"", ""value"": ""1""}]","{""seen_before"": false}",6
607,7,7,0,"[{""task"": ""T1"", ""value"": ""0""}]","{""seen_before"": false}",7
608,8,8,0,"[{""task"": ""T1"", ""value"": ""0""}]","{""seen_before"": false}",8
609,9,9,0,"[{""task"": ""T1"", ""value"": ""1""}]","{""seen_before"": false}",9
610,0,0,0,"[{""task"": ""T1"", ""value"": ""0""}]","{""seen_before"": false}",10
611,1,1,0,"[{""task"": ""T1"", ""value"": ""1""}]","{""seen_before"": false}",11
612,2,2,0,"[{""task"": ""T1"", ""value"": ""1""}]","{""seen_before"": false}",12
613,3,3,0,"[{""task"": ""T1"", ""value"": ""1""}]","{""seen_before"": false}",13
614,4,4,0,"[{""task"": ""T1"", ""value"": ""0""}]","{""seen_before"": false}",14
615,5,5,0,"[{""task"": ""T1"", ""value"": ""1""}]","{""seen_before"": false}",15
616,6,6,0,"[{""task"": ""T1"", ""value"": ""0""}]","{""seen_before"": false}",16
617,7,7,0,"[{""task"": ""T1"", ""value"": ""1""}]","{""seen_before"": false}",17
618,8,8,0,"[{""task"": ""T1"", ""value"": ""1""}]","{""seen_before"": false}",18
619,9,9,0,"[{""task"": ""T1"", ""value"": ""1""}]","{""seen_before"": false}",19
620,0,0,0,"[{""task"": ""T1"", ""value"": ""0""}]","{""seen_before"": false}",0
621,1,1,0,"[{""task"": ""T1"", ""value"": ""0""}]","{""seen_before"": false}",1
622,2,2,0,"[{""task"": ""T1"", ""value"": ""0""}]","{""seen_before"": false}",2
623,3,3,0,"[{""task"": ""T1"", ""value"": ""0""}]","{""seen_before"": false}",3
624,4,4,0,"[{""task"": ""T1"", ""value"": ""0""}]","{""seen_before"": false}",4
625,5,5,0,"[{""task"": ""T1"", ""value"": ""1""}]","{""seen_before"": false}",5
626,6,6,0,"[{""task"": ""T1"", ""value"": ""0""}]","{""seen_before"": false}",6
627,7,7,0,"[{""task"": ""T1"", ""value"": ""1""}]","{""seen_before"": false}",7
628,8,8,0,"[{""task"": ""T1"", ""value"": ""1""}]","{""seen_before"": false}",8
629,9,9,0,"[{""task"": ""T1"", ""value"": ""1""}]","{""seen_before"": false}",9
630,0,0,0,"[{""task"": ""T1"", ""value"": ""0""}]","{""seen_before"": false}",10
631,1,1,0,"[{""task"": ""T1"", ""value"": ""1""}]","{""seen_before"": false}",11
632,2,2,0,"[{""task"": ""T1"", ""value"": ""0""}]","{""seen_before"": false}",12
633,3,3,0,"[{""task"": ""T1"", ""value"": ""0""}]","{""seen_before"": false}",13
634,4,4,0,"[{""task"": ""T1"", ""value"": ""1""}]","{""seen_before"": false}",14
635,5,5,0,"[{""task"": ""T1"", ""value"": ""0""}]","{""seen_before"": false}",15
636,6,6,0,"[{""task"": ""T1"", ""value"": ""1""}]","{""seen_before"": false}",16
637,7,7,0,"[{""task"": ""T1"", ""value"": ""0""}]","{""seen_before"": false}",17
638,8,8,0,"[{""task"": ""T1"", ""value"": ""1""}]","{""seen_before"": false}",18
639,9,9,0,"[{""task"": ""T1"", ""value"": ""0""}]","{""seen_before"": false}",19
640,0,0,0,"[{""task"": ""T1"", ""value"": ""0""}]","{""seen_before"": false}",0
641,1,1,0,"[{""task"": ""T1"", ""value"": ""1""}]","{""seen_before"": false}",1
642,2,2,0,"[{""task"": ""T1"", ""value"": ""0""}]","{""seen_before"": false}",2
643,3,3,0,"[{""task"": ""T1"", ""value"": ""1""}]","{""seen_before"": false}",3
644,4,4,0,"[{""task"": ""T1"", ""value"": ""0""}]","{""seen_before"": false}",4
645,5,5,0,"[{""task"": ""T1"", ""value"": ""1""}]","{""seen_before"": false}",5
646,6,6,0,"[{""task"": ""T1"", ""value"": ""0""}]","{""seen_before"": false}",6
647,7,7,0,"[{""task"": ""T1"", ""value"": ""0""}]","{""seen_before"": false}",7
648,8,8,0,"[{""task"": ""T1"", ""value"": ""0""}]","{""seen_before"": false}",8
649,9,9,0,"[{""task"": ""T1"", ""value"": ""0""}]","{""seen_before"": false}",9
650,0,0,0,"[{""task"": ""T1"", ""value"": ""0""}]","{""seen_before"": false}",10
651,1,1,0,"[{""task"": ""T1"", ""value"": ""0""}]","{""seen_before"": false}",11
652,2,2,0,"[{""task"": ""T1"", ""value"": ""1""}]","{""seen_before"": false}",12
653,3,3,0,"[{""task"": ""T1"", ""value"": ""0""}]","{""seen_before"": false}",13
654,4,4,0,"[{""task"": ""T1"", ""value"": ""0""}]","{""seen_before"": false}",14
655,5,5,0,"[{""task"": ""T1"", ""value"": ""0""}]","{""seen_before"": false}",15
656,6,6,0,"[{""task"": ""T1"", ""value"": ""1""}]","{""seen_before"": false}",16
657,7,7,0,"[{""task"": ""T1"", ""value"": ""1""}]","{""seen_before"": false}",17
658,8,8,0,"[{""task"": ""T1"", ""value"": ""1""}]","{""seen_before"": false}",18
659,9,9,0,"[{""task"": ""T1"", ""value"": ""1""}]","{""seen_before"": false}",19
660,0,0,0,"[{""task"": ""T1"", ""value"": ""0""}]","{""seen_before"": false}",0
661,1,1,0,"[{""task"": ""T1"", ""value"": ""1""}]","{""seen_before"": false}",1
662,2,2,0,"[{""task"": ""T1"", ""value"": ""0""}]","{""seen_before"": false}",2
663,3,3,0,"[{""task"": ""T1"", ""value"": ""1""}]","{""seen_before"": false}",3
664,4,4,0,"[{""task"": ""T1"", ""value"": ""1""}]","{""seen_before"": false}",4
665,5,5,0,"[{""task"": ""T1"", ""value"": ""1""}]","{""seen_before"": false}",5
666,6,6,0,"[{""task"": ""T1"", ""value"": ""0""}]","{""seen_before"": false}",6
667,7,7,0,"[{""task"": ""T1"", ""value"": ""1""}]","{""seen_before"": false}",7
668,8,8,0,"[{""task"": ""T1"", ""value"": ""0""}]","{""seen_before"": false}",8
669,9,9,0,"[{""task"": ""T1"", ""value"": ""1""}]","{""seen_before"": false}",9
670,0,0,0,"[{""task"": ""T1"", ""value"": ""0""}]","{""seen_before"": false}",10
671,1,1,0,"[{""task"": ""T1"", ""value"": ""1""}]","{""seen_before"": false}",11
672,2,2,0,"[{""task"": ""T1"", ""value"": ""1""}]","{""seen_before"": false}",12
673,3,3,0,"[{""task"": ""T1"", ""value"": ""1""}]","{""seen_before"": false}",13
674,4,4,0,"[{""task"": ""T1"", ""value"": ""0""}]","{""seen_before"": false}",14
675,5,5,0,"[{""task"": ""T1"", ""value"": ""1""}]","{""seen_before"": false}",15
676,6,6,0,"[{""task"": ""T1"", ""value"": ""1""}]","{""seen_before"": false}",16
677,7,7,0,"[{""task"": ""T1"", ""value"": ""1""}]","{""seen_before"": false}",17
678,8,8,0,"[{""task"": ""T1"", ""value"": ""0""}]","{""seen_before"": false}",18
679,9,9,0,"[{""task"": ""T1"", ""value"": ""0""}]","{""seen_before"": false}",19
680,0,0,0,"[{""task"": ""T1"", ""value"": ""1""}]","{""seen_before"": false}",0
681,1,1,0,"[{""task"": ""T1"", ""value"": ""0""}]","{""seen_before"": false}",1
682,2,2,0,"[{""task"": ""T1"", ""value"": ""0""}]","{""seen_before"": false}",2
683,3,3,0,"[{""task"": ""T1"", ""value"": ""1""}]","{""seen_before"": false}",3
684,4,4,0,"[{""task"": ""T1"", ""value"": ""0""}]","{""seen_before"": false}",4
685,5,5,0,"[{""task"": ""T1"", ""value"": ""0""}]","{""seen_before"": false}",5
686,6,6,0,"[{""task"": ""T1"", ""value"": ""0""}]","{""seen_before"": false}",6
687,7,7,0,"[{""task"": ""T1"", ""value"": ""1""}]","{""seen_before"": false}",7
688,8,8,0,"[{""task"": ""T1"", ""value"": ""0""}]","{""seen_before"": false}",8
689,9,9,0,"[{""task"": ""T1"", ""value"": ""1""}]","{""seen_before"": false}",9
690,0,0,0,"[{""task"": ""T1"", ""value"": ""1""}]","{""seen_before"": false}",10
691,1,1,0,"[{""task"": ""T1"", ""value"": ""1""}]","{""seen_before"": false}",11
692,2,2,0,"[{""task"": ""T1"", ""value"": ""0""}]","{""seen_before"": false}",12
693,3,3,0,"[{""task"": ""T1"", ""value"": ""0""}]","{""seen_before"": false}",13
694,4,4,0,"[{""task"": ""T1"", ""value"": ""0""}]","{""seen_before"": false}",14
695,5,5,0,"[{""task"": ""T1"", ""value"": ""0""}]","{""seen_before"": false}",15
696,6,6,0,"[{""task"": ""T1"", ""value"": ""1""}]","{""seen_before"": false}",16
697,7,7,0,"[{""task"": ""T1"", ""value"": ""0""}]","{""seen_before"": false}",17
698,8,8,0,"[{""task"": ""T1"", ""value"": ""0""}]","{""seen_before"": false}",18
699,9,9,0,"[{""task"": ""T1"", ""value"": ""0""}]","{""seen_before"": false}",19
700,0,0,0,"[{""task"": ""T1"", ""value"": ""0""}]","{""seen_before"": false}",0
701,1,1,0,"[{""task"": ""T1"", ""value"": ""1""}]","{""seen_before"": false}",1
702,2,2,0,"[{""task"": ""T1"", ""value"": ""0""}]","{""seen_before"": false}",2
703,3,3,0,"[{""task"": ""T1"", ""value"": ""1""}]","{""seen_before"": false}",3
704,4,4,0,"[{""task"": ""T1"", ""value"": ""0""}]","{""seen_before"": false}",4
705,5,5,0,"[{""task"": ""T1"", ""value"": ""1""}]","{""seen_before"": false}",5
706,6,6,0,"[{""task"": ""T1"", ""value"": ""0""}]","{""seen_before"": false}",6
707,7,7,0,"[{""task"": ""T1"", ""value"": ""1""}]","{""seen_before"": false}",7
708,8,8,0,"[{""task"": ""T1"", ""value"": ""0""}]","{""seen_before"": false}",8
709,9,9,0,"[{""task"": ""T1"", ""value"": ""1""}]","{""seen_before"": false}",9
710,0,0,0,"[{""task"": ""T1"", ""value"": ""1""}]","{""seen_before"": false}",10
711,1,1,0,"[{""task"": ""T1"", ""value"": ""1""}]","{""seen_before"": false}",11
712,2,2,0,"[{""task"": ""T1"", ""value"": ""0""}]","{""seen_before"": false}",12
713,3,3,0,"[{""task"": ""T1"", ""value"": ""0""}]","{""seen_before"": false}",13
714,4,4,0,"[{""task"": ""T1"", ""value"": ""1""}]","{""seen_before"": false}",14
715,5,5,0,"[{""task"": ""T1"", ""value"": ""0""}]","{""seen_before"": false}",15
716,6,6,0,"[{""task"": ""T1"", ""value"": ""0""}]","{""seen_before"": false}",16
717,7,7,0,"[{""task"": ""T1"", ""value"": ""1""}]","{""seen_before"": false}",17
718,8,8,0,"[{""task"": ""T1"", ""value"": ""0""}]","{""seen_before"": false}",18
719,9,9,0,"[{""task"": ""T1"", ""value"": ""1""}]","{""seen_before"": false}",19
720,0,0,0,"[{""task"": ""T1"", ""value"": ""1""}]","{""seen_before"": false}",0
721,1,1,0,"[{""task"": ""T1"", ""value"": ""1""}]","{""seen_before"": false}",1
722,2,2,0,"[{""task"": ""T1"", ""value"": ""0""}]","{""seen_before"": false}",2
723,3,3,0,"[{""task"": ""T1"", ""value"": ""1""}]","{""seen_before"": false}",3
724,4,4,0,"[{""task"": ""T1"", ""value"": ""0""}]","{""seen_before"": false}",4
725,5,5,0,"[{""task"": ""T1"", ""value"": ""1""}]","{""seen_before"": false}",5
726,6,6,0,"[{""task"": ""T1"", ""value"": ""0""}]","{""seen_before"": false}",6
727,7,7,0,"[{""task"": ""T1"", ""value"": ""0""}]","{""seen_before"": false}",7
728,8,8,0,"[{""task"": ""T1"", ""value"": ""1""}]","{""seen_before"": false}",8
729,9,9,0,"[{""task"": ""T1"", ""value"": ""1""}]","{""seen_before"": false}",9
730,0,0,0,"[{""task"": ""T1"", ""value"": ""1""}]","{""seen_before"": false}",10
731,1,1,0,"[{""task"": ""T1"", ""value"": ""1""}]","{""seen_before"": false}",11
732,2,2,0,"[{""task"": ""T1"", ""value"": ""0""}]","{""seen_before"": false}",12
733,3,3,0,"[{""task"": ""T1"", ""value"": ""1""}]","{""seen_before"": false}",13
734,4,4,0,"[{""task"": ""T1"", ""value"": ""0""}]","{""seen_before"": false}",14
735,5,5,0,"[{""task"": ""T1"", ""value"": ""1""}]","{""seen_before"": false}",15
736,6,6,0,"[{""task"": ""T1"", ""value"": ""0""}]","{""seen_before"": false}",16
737,7,7,0,"[{""task"": ""T1"", ""value"": ""1""}]","{""seen_before"": false}",17
738,8,8,0,"[{""task"": ""T1"", ""value"": ""0""}]","{""seen_before"": false}",18
739,9,9,0,"[{""task"": ""T1"", ""value"": ""0""}]","{""seen_before"": false}",19
740,0,0,0,"[{""task"": ""T1"", ""value"": ""0""}]","{""seen_before"": false}",0
741,1,1,0,"[{""task"": ""T1"", ""value"": ""1""}]","{""seen_before"": false}",1
742,2,2,0,"[{""task"": ""T1"", ""value"": ""0""}]","{""seen_before"": false}",2
743,3,3,0,"[{""task"": ""T1"", ""value"": ""1""}]","{""seen_before"": false}",3
744,4,4,0,"[{""task"": ""T1"", ""value"": ""0""}]","{""seen_before"": false}",4
745,5,5,0,"[{""task"": ""T1"", ""value"": ""1""}]","{""seen_before"": false}",5
746,6,6,0,"[{""task"": ""T1"", ""value"": ""1""}]","{""seen_before"": false}",6
747,7,7,0,"[{""task"": ""T1"", ""value"": ""0""}]","{""seen_before"": false}",7
748,8,8,0,"[{""task"": ""T1"", ""value"": ""1""}]","{""seen_before"": false}",8
749,9,9,0,"[{""task"": ""T1"", ""value"": ""0""}]","{""seen_before"": false}",9
750,0,0,0,"[{""task"": ""T1"", ""value"": ""0""}]","{""seen_before"": false}",10
751,1,1,0,"[{""task"": ""T1"", ""value"": ""1""}]","{""seen_before"": false}",11
752,2,2,0,"[{""task"": ""T1"", ""value"": ""1""}]","{""seen_before"": false}",12
753,3,3,0,"[{""task"": ""T1"", ""value"": ""1""}]","{""seen_before"": false}",13
754,4,4,0,"[{""task"": ""T1"", ""value"": ""1""}]","{""seen_before"": false}",14
755,5,5,0,"[{""task"": ""T1"", ""value"": ""1""}]","{""seen_before"": false}",15
756,6,6,0,"[{""task"": ""T1"", ""value"": ""0""}]","{""seen_before"": false}",16
757,7,7,0,"[{""task"": ""T1"", ""value"": ""0""}]","{""seen_before"": false}",17
758,8,8,0,"[{""task"": ""T1"", ""value"": ""0""}]","{""seen_before"": false}",18
759,9,9,0,"[{""task"": ""T1"", ""value"": ""1""}]","{""seen_before"": false}",19
760,0,0,0,"[{""task"": ""T1"", ""value"": ""0""}]","{""seen_before"": false}",0
761,1,1,0,"[{""task"": ""T1"", ""value"": ""0""}]","{""seen_before"": false}",1
762,2,2,0,"[{""task"": ""T1"", ""value"": ""0""}]","{""seen_before"": false}",2
763,3,3,0,"[{""task"": ""T1"", ""value"": ""1""}]","{""seen_before"": false}",3
764,4,4,0,"[{""task"": ""T1"", ""value"": ""0""}]","{""seen_before"": false}",4
765,5,5,0,"[{""task"": ""T1"", ""value"": ""0""}]","{""seen_before"": false}",5
766,6,6,0,"[{""task"": ""T1"", ""value"": ""1""}]","{""seen_before"": false}",6
767,7,7,0,"[{""task"": ""T1"", ""value"": ""1""}]","{""seen_before"": false}",7
768,8,8,0,"[{""task"": ""T1"", ""value"": ""1""}]","{""seen_before"": false}",8
769,9,9,0,"[{""task"": ""T1"", ""value"": ""1""}]","{""seen_before"": false}",9
770,0,0,0,"[{""task"": ""T1"", ""value"": ""1""}]","{""seen_before"": false}",10
771,1,1,0,"[{""task"": ""T1"", ""value"": ""1""}]","{""seen_before"": false}",11
772,2,2,0,"[{""task"": ""T1"", ""value"": ""0""}]","{""seen_before"": false}",12
773,3,3,0,"[{""task"": ""T1"", ""value"": ""0""}]","{""seen_before"": false}",13
774,4,4,0,"[{""task"": ""T1"", ""value"": ""0""}]","{""seen_before"": false}",14
775,5,5,0,"[{""task"": ""T1"", ""value"": ""1""}]","{""seen_before"": false}",15
776,6,6,0,"[{""task"": ""T1"", ""value"": ""0""}]","{""seen_before"": false}",16
777,7,7,0,"[{""task"": ""T1"", ""value"": ""1""}]","{""seen_before"": false}",17
778,8,8,0,"[{""task"": ""T1"", ""value"": ""0""}]","{""seen_before"": false}",18
779,9,9,0,"[{""task"": ""T1"", ""value"": ""0""}]","{""seen_before"": false}",19
780,0,0,0,"[{""task"": ""T1"", ""value"": ""0""}]","{""seen_before"": false}",0
781,1,1,0,"[{""task"": ""T1"", ""value"": ""0""}]","{""seen_before"": false}",1
782,2,2,0,"[{""task"": ""T1"", ""value"": ""1""}]","{""seen_before"": false}",2
783,3,3,0,"[{""task"": ""T1"", ""value"": ""0""}]","{""seen_before"": false}",3
784,4,4,0,"[{""task"": ""T1"", ""value"": ""0""}]","{""seen_before"": false}",4
785,5,5,0,"[{""task"": ""T1"", ""value"": ""1""}]","{""seen_before"": false}",5
786,6,6,0,"[{""task"": ""T1"", ""value"": ""0""}]","{""seen_before"": false}",6
787,7,7,0,"[{""task"": ""T1"", ""value"": ""0""}]","{""seen_before"": false}",7
788,8,8,0,"[{""task"": ""T1"", ""value"": ""0""}]","{""seen_before"": false}",8
789,9,9,0,"[{""task"": ""T1"", ""value"": ""1""}]","{""seen_before"": false}",9
790,0,0,0,"[{""task"": ""T1"", ""value"": ""1""}]","{""seen_before"": false}",10
791,1,1,0,"[{""task"": ""T1"", ""value"": ""1""}]","{""seen_before"": false}",11
792,2,2,0,"[{""task"": ""T1"", ""value"": ""0""}]","{""seen_before"": false}",12
793,3,3,0,"[{""task"": ""T1"", ""value"": ""1""}]","{""seen_before"": false}",13
794,4,4,0,"[{""task"": ""T1"", ""value"": ""1""}]","{""seen_before"": false}",14
795,5,5,0,"[{""task"": ""T1"", ""value"": ""1""}]","{""seen_before"": false}",15
796,6,6,0,"[{""task"": ""T1"", ""value"": ""1""}]","{""seen_before"": false}",16
797,7,7,0,"[{""task"": ""T1"", ""value"": ""1""}]","{""seen_before"": false}",17
798,8,8,0,"[{""task"": ""T1"", ""value"": ""0""}]","{""seen_before"": false}",18
799,9,9,0,"[{""task"": ""T1"", ""value"": ""0""}]","{""seen_before"": false}",19
800,0,0,0,"[{""task"": ""T1"", ""value"": ""1""}]","{""seen_before"": false}",0
801,1,1,0,"[{""task"": ""T1"", ""value"": ""0""}]","{""seen_before"": false}",1
802,2,2,0,"[{""task"": ""T1"", ""value"": ""0""}]","{""seen_before"": false}",2
803,3,3,0,"[{""task"": ""T1"", ""value"": ""1""}]","{""seen_before"": false}",3
804,4,4,0,"[{""task"": ""T1"", ""value"": ""0""}]","{""seen_before"": false}",4
805,5,5,0,"[{""task"": ""T1"", ""value"": ""0""}]","{""seen_before"": false}",5
806,6,6,0,"[{""task"": ""T1"", ""value"": ""0""}]","{""seen_before"": false}",6
807,7,7,0,"[{""task"": ""T1"", ""value"": ""1""}]","{""seen_before"": false}",7
808,8,8,0,"[{""task"": ""T1"", ""value"": ""1""}]","{""seen_before"": false}",8
809,9,9,0,"[{""task"": ""T1"", ""value"": ""0""}]","{""seen_before"": false}",9
810,0,0,0,"[{""task"": ""T1"", ""value"": ""1""}]","{""seen_before"": false}",10
811,1,1,0,"[{""task"": ""T1"", ""value"": ""1""}]","{""seen_before"": false}",11
812,2,2,0,"[{""task"": ""T1"", ""value"": ""0""}]","{""seen_before"": false}",12
813,3,3,0,"[{""task"": ""T1"", ""value"": ""1""}]","{""seen_before"": false}",13
814,4,4,0,"[{""task"": ""T1"", ""value"": ""0""}]","{""seen_before"": false}",14
815,5,5,0,"[{""task"": ""T1"", ""value"": ""0""}]","{""seen_before"": false}",15
816,6,6,0,"[{""task"": ""T1"", ""value"": ""0""}]","{""seen_before"": false}",16
817,7,7,0,"[{""task"": ""T1"", ""value"": ""1""}]","{""seen_before"": false}",17
818,8,8,0,"[{""task"": ""T1"", ""value"": ""1""}]","{""seen_before"": false}",18
819,9,9,0,"[{""task"": ""T1"", ""value"": ""1""}]","{""seen_before"": false}",19
820,0,0,0,"[{""task"": ""T1"", ""value"": ""1""}]","{""seen_before"": false}",0
821,1,1,0,"[{""task"": ""T1"", ""value"": ""1""}]","{""seen_before"": false}",1
822,2,2,0,"[{""task"": ""T1"", ""value"": ""1""}]","{""seen_before"": false}",2
823,3,3,0,"[{""task"": ""T1"", ""value"": ""0""}]","{""seen_before"": false}",3
824,4,4,0,"[{""task"": ""T1"", ""value"": ""0""}]","{""seen_before"": false}",4
825,5,5,0,"[{""task"": ""T1"", ""value"": ""1""}]","{""seen_before"": false}",5
826,6,6,0,"[{""task"": ""T1"", ""value"": ""0""}]","{""seen_before"": false}",6
827,7,7,0,"[{""task"": ""T1"", ""value"": ""1""}]","{""seen_before"": false}",7
828,8,8,0,"[{""task"": ""T1"", ""value"": ""0""}]","{""seen_before"": false}",8
829,9,9,0,"[{""task"": ""T1"", ""value"": ""1""}]","{""seen_before"": false}",9
830,0,0,0,"[{""task"": ""T1"", ""value"": ""0""}]","{""seen_before"": false}",10
831,1,1,0,"[{""task"": ""T1"", ""value"": ""1""}]","{""seen_before"": false}",11
832,2,2,0,"[{""task"": ""T1"", ""value"": ""1""}]","{""seen_before"": false}",12
833,3,3,0,"[{""task"": ""T1"", ""value"": ""1""}]","{""seen_before"": false}",13
834,4,4,0,"[{""task"": ""T1"", ""value"": ""0""}]","{""seen_before"": false}",14
835,5,5,0,"[{""task"": ""T1"", ""value"": ""1""}]","{""seen_before"": false}",15
836,6,6,0,"[{""task"": ""T1"", ""value"": ""0""}]","{""seen_before"": false}",16
837,7,7,0,"[{""task"": ""T1"", ""value"": ""0""}]","{""seen_before"": false}",17
838,8,8,0,"[{""task"": ""T1"", ""value"": ""1""}]","{""seen_before"": false}",18
839,9,9,0,"[{""task"": ""T1"", ""value"": ""1""}]","{""seen_before"": false}",19
840,0,0,0,"[{""task"": ""T1"", ""value"": ""1""}]","{""seen_before"": false}",0
841,1,1,0,"[{""task"": ""T1"", ""value"": ""0""}]","{""seen_before"": false}",1
842,2,2,0,"[{""task"": ""T1"", ""value"": ""1""}]","{""seen_before"": false}",2
843,3,3,0,"[{""task"": ""T1"", ""value"": ""1""}]","{""seen_before"": false}",3
844,4,4,0,"[{""task"": ""T1"", ""value"": ""0""}]","{""seen_before"": false}",4
845,5,5,0,"[{""task"": ""T1"", ""value"": ""1""}]","{""seen_before"": false}",5
846,6,6,0,"[{""task"": ""T1"", ""value"": ""0""}]","{""seen_before"": false}",6
847,7,7,0,"[{""task"": ""T1"", ""value"": ""0""}]","{""seen_before"": false}",7
848,8,8,0,"[{""task"": ""T1"", ""value"": ""0""}]","{""seen_before"": false}",8
849,9,9,0,"[{""task"": ""T1"", ""value"": ""1""}]","{""seen_before"": false}",9
850,0,0,0,"[{""task"": ""T1"", ""value"": ""1""}]","{""seen_before"": false}",10
851,1,1,0,"[{""task"": ""T1"", ""value"": ""1""}]","{""seen_before"": false}",11
852,2,2,0,"[{""task"": ""T1"", ""value"": ""0""}]","{""seen_before"": false}",12
853,3,3,0,"[{""task"": ""T1"", ""value"": ""0""}]","{""seen_before"": false}",13
854,4,4,0,"[{""task"": ""T1"", ""value"": ""1""}]","{""seen_before"": false}",14
855,5,5,0,"[{""task"": ""T1"", ""value"": ""0""}]","{""seen_before"": false}",15
856,6,6,0,"[{""task"": ""T1"", ""value"": ""1""}]","{""seen_before"": false}",16
857,7,7,0,"[{""task"": ""T1"", ""value"": ""1""}]","{""seen_before"": false}",17
858,8,8,0,"[{""task"": ""T1"", ""value"": ""1""}]","{""seen_before"": false}",18
859,9,9,0,"[{""task"": ""T1"", ""value"": ""1""}]","{""seen_before"": false}",19
860,0,0,0,"[{""task"": ""T1"", ""value"": ""1""}]","{""seen_before"": false}",0
861,1,1,0,"[{""task"": ""T1"", ""value"": ""1""}]","{""seen_before"": false}",1
862,2,2,0,"[{""task"": ""T1"", ""value"": ""1""}]","{""seen_before"": false}",2
863,3,3,0,"[{""task"": ""T1"", ""value"": ""0""}]","{""seen_before"": false}",3
864,4,4,0,"[{""task"": ""T1"", ""value"": ""1""}]","{""seen_before"": false}",4
865,5,5,0,"[{""task"": ""T1"", ""value"": ""1""}]","{""seen_before"": false}",5
866,6,6,0,"[{""task"": ""T1"", ""value"": ""0""}]","{""seen_before"": false}",6
867,7,7,0,"[{""task"": ""T1"", ""value"": ""1""}]","{""seen_before"": false}",7
868,8,8,0,"[{""task"": ""T1"", ""value"": ""0""}]","{""seen_before"": false}",8
869,9,9,0,"[{""task"": ""T1"", ""value"": ""1""}]","{""seen_before"": false}",9
870,0,0,0,"[{""task"": ""T1"", ""value"": ""1""}]","{""seen_before"": false}",10
871,1,1,0,"[{""task"": ""T1"", ""value"": ""1""}]","{""seen_before"": false}",11
872,2,2,0,"[{""task"": ""T1"", ""value"": ""0""}]","{""seen_before"": false}",12
873,3,3,0,"[{""task"": ""T1"", ""value"": ""0""}]","{""seen_before"": false}",13
874,4,4,0,"[{""task"": ""T1"", ""value"": ""0""}]","{""seen_before"": false}",14
875,5,5,0,"[{""task"": ""T1"", ""value"": ""0""}]","{""seen_before"": false}",15
876,6,6,0,"[{""task"": ""T1"", ""value"": ""1""}]","{""seen_before"": false}",16
877,7,7,0,"[{""task"": ""T1"", ""value"": ""1""}]","{""seen_before"": false}",17
878,8,8,0,"[{""task"": ""T1"", ""value"": ""0""}]","{""seen_before"": false}",18
879,9,9,0,"[{""task"": ""T1"", ""value"": ""1""}]","{""seen_before"": false}",19
880,0,0,0,"[{""task"": ""T1"", ""value"": ""0""}]","{""seen_before"": false}",0
881,1,1,0,"[{""task"": ""T1"", ""value"": ""1""}]","{""seen_before"": false}",1
882,2,2,0,"[{""task"": ""T1"", ""value"": ""1""}]","{""seen_before"": false}",2
883,3,3,0,"[{""task"": ""T1"", ""value"": ""1""}]","{""seen_before"": false}",3
884,4,4,0,"[{""task"": ""T1"", ""value"": ""0""}]","{""seen_before"": false}",4
885,5,5,0,"[{""task"": ""T1"", ""value"": ""0""}]","{""seen_before"": false}",5
886,6,6,0,"[{""task"": ""T1"", ""value"": ""0""}]","{""seen_before"": false}",6
887,7,7,0,"[{""task"": ""T1"", ""value"": ""1""}]","{""seen_before"": false}",7
888,8,8,0,"[{""task"": ""T1"", ""value"": ""1""}]","{""seen_before"": false}",8
889,9,9,0,"[{""task"": ""T1"", ""value"": ""1""}]","{""seen_before"": false}",9
890,0,0,0,"[{""task"": ""T1"", ""value"": ""0""}]","{""seen_before"": false}",10
891,1,1,0,"[{""task"": ""T1"", ""value"": ""1""}]","{""seen_before"": false}",11
892,2,2,0,"[{""task"": ""T1"", ""value"": ""0""}]","{""seen_before"": false}",12
893,3,3,0,"[{""task"": ""T1"", ""value"": ""0""}]","{""seen_before"": false}",13
894,4,4,0,"[{""task"": ""T1"", ""value"": ""0""}]","{""seen_before"": false}",14
895,5,5,0,"[{""task"": ""T1"", ""value"": ""0""}]","{""seen_before"": false}",15
896,6,6,0,"[{""task"": ""T1"", ""value"": ""1""}]","{""seen_before"": false}",16
897,7,7,0,"[{""task"": ""T1"", ""value"": ""1""}]","{""seen_before"": false}",17
898,8,8,0,"[{""task"": ""T1"", ""value"": ""0""}]","{""seen_before"": false}",18
899,9,9,0,"[{""task"": ""T1"", ""value"": ""0""}]","{""seen_before"": false}",19
900,0,0,0,"[{""task"": ""T1"", ""value"": ""1""}]","{""seen_before"": false}",0
901,1,1,0,"[{""task"": ""T1"", ""value"": ""1""}]","{""seen_before"": false}",1
902,2,2,0,"[{""task"": ""T1"", ""value"": ""0""}]","{""seen_before"": false}",2
903,3,3,0,"[{""task"": ""T1"", ""value"": ""1""}]","{""seen_before"": false}",3
904,4,4,0,"[{""task"": ""T1"", ""value"": ""1""}]","{""seen_before"": false}",4
905,5,5,0,"[{""task"": ""T1"", ""value"": ""1""}]","{""seen_before"": false}",5
906,6,6,0,"[{""task"": ""T1"", ""value"": ""0""}]","{""seen_before"": false}",6
907,7,7,0,"[{""task"": ""T1"", ""value"": ""0""}]","{""seen_before"": false}",7
908,8,8,0,"[{""task"": ""T1"", ""value"": ""0""}]","{""seen_before"": false}",8
909,9,9,0,"[{""task"": ""T1"", ""value"": ""0""}]","{""seen_before"": false}",9
910,0,0,0,"[{""task"": ""T1"", ""value"": ""1""}]","{""seen_before"": false}",10
911,1,1,0,"[{""task"": ""T1"", ""value"": ""0""}]","{""seen_before"": false}",11
912,2,2,0,"[{""task"": ""T1"", ""value"": ""0""}]","{""seen_before"": false}",12
913,3,3,0,"[{""task"": ""T1"", ""value"": ""1""}]","{""seen_before"": false}",13
914,4,4,0,"[{""task"": ""T1"", ""value"": ""1""}]","{""seen_before"": false}",14
915,5,5,0,"[{""task"": ""T1"", ""value"": ""1""}]","{""seen_before"": false}",15
916,6,6,0,"[{""task"": ""T1"", ""value"": ""0""}]","{""seen_before"": false}",16
917,7,7,0,"[{""task"": ""T1"", ""value"": ""0""}]","{""seen_before"": false}",17
918,8,8,0,"[{""task"": ""T1"", ""value"": ""0""}]","{""seen_before"": false}",18
919,9,9,0,"[{""task"": ""T1"", ""value"": ""1""}]","{""seen_before"": false}",19
920,0,0,0,"[{""task"": ""T1"", ""value"": ""0""}]","{""seen_before"": false}",0
921,1,1,0,"[{""task"": ""T1"", ""value"": ""1""}]","{""seen_before"": false}",1
922,2,2,0,"[{""task"": ""T1"", ""value"": ""0""}]","{""seen_before"": false}",2
923,3,3,0,"[{""task"": ""T1"", ""value"": ""1""}]","{""seen_before"": false}",3
924,4,4,0,"[{""task"": ""T1"", ""value"": ""1""}]","{""seen_before"": false}",4
925,5,5,0,"[{""task"": ""T1"", ""value"": ""0""}]","{""seen_before"": false}",5
926,6,6,0,"[{""task"": ""T1"", ""value"": ""1""}]","{""seen_before"": false}",6
927,7,7,0,"[{""task"": ""T1"", ""value"": ""1""}]","{""seen_before"": false}",7
928,8,8,0,"[{""task"": ""T1"", ""value"": ""0""}]","{""seen_before"": false}",8
929,9,9,0,"[{""task"": ""T1"", ""value"": ""0""}]","{""seen_before"": false}",9
930,0,0,0,"[{""task"": ""T1"", ""value"": ""0""}]","{""seen_before"": false}",10
931,1,1,0,"[{""task"": ""T1"", ""value"": ""0""}]","{""seen_before"": false}",11
932,2,2,0,"[{""task"": ""T1"", ""value"": ""0""}]","{""seen_before"": false}",12
933,3,3,0,"[{""task"": ""T1"", ""value"": ""1""}]","{""seen_before"": false}",13
934,4,4,0,"[{""task"": ""T1"", ""value"": ""1""}]","{""seen_before"": false}",14
935,5,5,0,"[{""task"": ""T1"", ""value"": ""1""}]","{""seen_before"": false}",15
936,6,6,0,"[{""task"": ""T1"", ""value"": ""1""}]","{""seen_before"": false}",16
937,7,7,0,"[{""task"": ""T1"", ""value"": ""0""}]","{""seen_before"": false}",17
938,8,8,0,"[{""task"": ""T1"", ""value"": ""0""}]","{""seen_before"": false}",18
939,9,9,0,"[{""task"": ""T1"", ""value"": ""0""}]","{""seen_before"": false}",19
940,0,0,0,"[{""task"": ""T1"", ""value"": ""0""}]","{""seen_before"": false}",0
941,1,1,0,"[{""task"": ""T1"", ""value"": ""1""}]","{""seen_before"": false}",1
942,2,2,0,"[{""task"": ""T1"", ""value"": ""0""}]","{""seen_before"": false}",2
943,3,3,0,"[{""task"": ""T1"", ""value"": ""0""}]","{""seen_before"": false}",3
944,4,4,0,"[{""task"": ""T1"", ""value"": ""0""}]","{""seen_before"": false}",4
945,5,5,0,"[{""task"": ""T1"", ""value"": ""0""}]","{""seen_before"": false}",5
946,6,6,0,"[{""task"": ""T1"", ""value"": ""0""}]","{""seen_before"": false}",6
947,7,7,0,"[{""task"": ""T1"", ""value"": ""1""}]","{""seen_before"": false}",7
948,8,8,0,"[{""task"": ""T1"", ""value"": ""1""}]","{""seen_before"": false}",8
949,9,9,0,"[{""task"": ""T1"", ""value"": ""0""}]","{""seen_before"": false}",9
950,0,0,0,"[{""task"": ""T1"", ""value"": ""1""}]","{""seen_before"": false}",10
951,1,1,0,"[{""task"": ""T1"", ""value"": ""0""}]","{""seen_before"": false}",11
952,2,2,0,"[{""task"": ""T1"", ""value"": ""1""}]","{""seen_before"": false}",12
953,3,3,0,"[{""task"": ""T1"", ""value"": ""1""}]","{""seen_before"": false}",13
954,4,4,0,"[{""task"": ""T1"", ""value"": ""0""}]","{""seen_before"": false}",14
955,5,5,0,"[{""task"": ""T1"", ""value"": ""1""}]","{""seen_before"": false}",15
956,6,6,0,"[{""task"": ""T1"", ""value"": ""0""}]","{""seen_before"": false}",16
957,7,7,0,"[{""task"": ""T1"", ""value"": ""1""}]","{""seen_before"": false}",17
958,8,8,0,"[{""task"": ""T1"", ""value"": ""1""}]","{""seen_before"": false}",18
959,9,9,0,"[{""task"": ""T1"", ""value"": ""0""}]","{""seen_before"": false}",19
960,0,0,0,"[{""task"": ""T1"", ""value"": ""0""}]","{""seen_before"": false}",0
961,1,1,0,"[{""task"": ""T1"", ""value"": ""0""}]","{""seen_before"": false}",1
962,2,2,0,"[{""task"": ""T1"", ""value"": ""0""}]","{""seen_before"": false}",2
963,3,3,0,"[{""task"": ""T1"", ""value"": ""1""}]","{""seen_before"": false}",3
964,4,4,0,"[{""task"": ""T1"", ""value"": ""1""}]","{""seen_before"": false}",4
965,5,5,0,"[{""task"": ""T1"", ""value"": ""0""}]","{""seen_before"": false}",5
966,6,6,0,"[{""task"": ""T1"", ""value"": ""1""}]","{""seen_before"": false}",6
967,7,7,0,"[{""task"": ""T1"", ""value"": ""1""}]","{""seen_before"": false}",7
968,8,8,0,"[{""task"": ""T1"", ""value"": ""1""}]","{""seen_before"": false}",8
969,9,9,0,"[{""task"": ""T1"", ""value"": ""1""}]","{""seen_before"": false}",9
970,0,0,0,"[{""task"": ""T1"", ""value"": ""0""}]","{""seen_before"": false}",10
971,1,1,0,"[{""task"": ""T1"", ""value"": ""1""}]","{""seen_before"": false}",11
972,2,2,0,"[{""task"": ""T1"", ""value"": ""1""}]","{""seen_before"": false}",12
973,3,3,0,"[{""task"": ""T1"", ""value"": ""1""}]","{""seen_before"": false}",13
974,4,4,0,"[{""task"": ""T1"", ""value"": ""0""}]","{""seen_before"": false}",14
975,5,5,0,"[{""task"": ""T1"", ""value"": ""0""}]","{""seen_before"": false}",15
976,6,6,0,"[{""task"": ""T1"", ""value"": ""0""}]","{""seen_before"": false}",16
977,7,7,0,"[{""task"": ""T1"", ""value"": ""1""}]","{""seen_before"": false}",17
978,8,8,0,"[{""task"": ""T1"", ""value"": ""0""}]","{""seen_before"": false}",18
979,9,9,0,"[{""task"": ""T1"", ""value"": ""0""}]","{""seen_before"": false}",19
980,0,0,0,"[{""task"": ""T1"", ""value"": ""0""}]","{""seen_before"": false}",0
981,1,1,0,"[{""task"": ""T1"", ""value"": ""1""}]","{""seen_before"": false}",1
982,2,2,0,"[{""task"": ""T1"", ""value"": ""1""}]","{""seen_before"": false}",2
983,3,3,0,"[{""task"": ""T1"", ""value"": ""0""}]","{""seen_before"": false}",3
984,4,4,0,"[{""task"": ""T1"", ""value"": ""0""}]","{""seen_before"": false}",4
985,5,5,0,"[{""task"": ""T1"", ""value"": ""0""}]","{""seen_before"": false}",5
986,6,6,0,"[{""task"": ""T1"", ""value"": ""0""}]","{""seen_before"": false}",6
987,7,7,0,"[{""task"": ""T1"", ""value"": ""0""}]","{""seen_before"": false}",7
988,8,8,0,"[{""task"": ""T1"", ""value"": ""0""}]","{""seen_before"": false}",8
989,9,9,0,"[{""task"": ""T1"", ""value"": ""1""}]","{""seen_before"": false}",9
990,0,0,0,"[{""task"": ""T1"", ""value"": ""0""}]","{""seen_before"": false}",10
991,1,1,0,"[{""task"": ""T1"", ""value"": ""0""}]","{""seen_before"": false}",11
992,2,2,0,"[{""task"": ""T1"", ""value"": ""0""}]","{""seen_before"": false}",12
993,3,3,0,"[{""task"": ""T1"", ""value"": ""1""}]","{""seen_before"": false}",13
994,4,4,0,"[{""task"": ""T1"", ""value"": ""1""}]","{""seen_before"": false}",14
995,5,5,0,"[{""task"": ""T1"", ""value"": ""0""}]","{""seen_before"": false}",15
996,6,6,0,"[{""task"": ""T1"", ""value"": ""1""}]","{""seen_before"": false}",16
997,7,7,0,"[{""task"": ""T1"", ""value"": ""1""}]","{""seen_before"": false}",17
998,8,8,0,"[{""task"": ""T1"", ""value"": ""0""}]","{""seen_before"": false}",18
999,9,9,0,"[{""task"": ""T1"", ""value"": ""1""}]","{""seen_before"": false}",19
